reference;id_product;quantity;id_category_default;stock_backend;subreference
TH108701;2974;15;647;"Matte Chrome Silver";
TH108702;2975;41;647;"Matte Chrome Silver";
TH1301P1;2981;32;649;"Rigid Clear";
TH1302P1;2982;98;505;"Gold Vinyl";
TH1304P1;2984;8;647;"Matte Chrome Silver";
TH1305P1;2985;22;438;"Gloss White Vinyl";
TH130601;2986;5;649;"Rigid Clear";
TH1307P1;2987;57;505;"Gold Vinyl";
TH1309P1;2989;24;647;"Matte Chrome Silver";
TH1310P1;2990;24;438;"Gloss White Vinyl";
TH0001P1;2992;14;542;Review;
TH0002P1;2993;19;543;"Review 3";
TH0002P2;2994;28;543;"Review 3";
TH0003P1;2995;11;542;Review;
TH0003P2;2996;12;543;"Review 3";
TH0004P1;2997;16;543;"Review 3";
TH0004P2;3046;20;542;Review;
TH0005P1;3048;11;542;Review;
TH0006P1;3049;23;542;Review;
TH0006P2;3050;11;542;Review;
TH0007P1;3051;10;542;Review;
TH0008P1;3053;10;542;Review;
TH0008P2;3054;15;542;Review;
TH0009P1;3055;12;542;Review;
TH0010P1;3056;20;542;Review;
TH0011P1;3057;17;542;Review;
TH0012P1;3058;15;542;Review;
TH0013P1;3059;17;542;Review;
TH0013P2;3060;21;542;Review;
TH0014P1;3061;21;433;"Review 2";
TH0015P1;3062;16;543;"Review 3";
TH0016P1;3063;14;433;"Review 2";
TH0017P1;3064;11;438;"Gloss White Vinyl";
TH0018P1;3065;40;438;"Gloss White Vinyl";
TH0019P1;3066;36;438;"Gloss White Vinyl";
TH0020P1;3067;12;542;Review;
TH0018P2;3068;34;409;"Gloss Black Vinyl";
TH0021P1;3069;32;540;Review;
TH0021P2;3070;31;541;"Review 3";
TH0021P3;3071;33;433;"Review 2";
TH0021P4;3072;13;437;"Gloss Clear Vinyl";
TH0022P1;3073;11;541;"Review 3";
TH0022P2;3074;48;543;"Review 3";
TH0022P3;3075;162;426;"Ravage Clear Vinyl";
TH0023P1;3076;14;542;Review;
TH0023P2;3077;17;542;Review;
TH0023P3;3078;20;627;"Macro Gold";
TH0023P4;3079;54;426;"Ravage Clear Vinyl";
TH0024P1;3080;23;435;"Silver Vinyl";
TH0024P2;3081;17;436;"Micro Gold";
TH0024P3;3082;12;426;"Ravage Clear Vinyl";
TH0025P1;3083;14;428;"Micro Gold";
TH0025P2;3084;22;435;"Silver Vinyl";
TH0025P3;3085;42;441;"Review 2";
TH0025P4;3086;16;404;7905;
RPRAJCP1;3087;23;542;Review;
RPRAJCP2;3088;12;542;Review;
RPRAJCP3;3089;25;436;"Micro Gold";
RPRAJCP4;3090;8;436;"Micro Gold";
RPRAJDP1;3091;12;542;Review;
RPRAJDP2;3092;10;542;Review;
RPRAJDP3;3093;18;436;"Micro Gold";
91782P01;3094;37;649;"Rigid Clear";
91782P02;3095;16;543;"Review 3";
91782P03;3096;25;438;"Gloss White Vinyl";
91783P01;3097;30;429;"Gloss Clear Vinyl";
91783P02;3098;26;429;"Gloss Clear Vinyl";
91784P01;3099;17;429;"Gloss Clear Vinyl";
91785P01;3100;19;429;"Gloss Clear Vinyl";
91786P01;3101;16;429;"Gloss Clear Vinyl";
91786P02;3102;16;429;"Gloss Clear Vinyl";
91786P03;3103;17;429;"Gloss Clear Vinyl";
91787P01;3104;17;429;"Gloss Clear Vinyl";
91787P02;3105;17;429;"Gloss Clear Vinyl";
91787P03;3106;15;429;"Gloss Clear Vinyl";
91788P01;3107;20;429;"Gloss Clear Vinyl";
91789P01;3108;19;429;"Gloss Clear Vinyl";
91789P02;3109;35;438;"Gloss White Vinyl";
91789P03;3110;25;438;"Gloss White Vinyl";
91789P04;3111;36;438;"Gloss White Vinyl";
91789P05;3112;12;438;"Gloss White Vinyl";
91790P01;3113;14;438;"Gloss White Vinyl";
91791P01;3114;22;429;"Gloss Clear Vinyl";
91792P01;3115;20;429;"Gloss Clear Vinyl";
91793P01;3116;22;429;"Gloss Clear Vinyl";
91794P01;3117;15;649;"Rigid Clear";
91795P01;3118;25;429;"Gloss Clear Vinyl";
91796P01;3119;16;429;"Gloss Clear Vinyl";
91797P01;3120;18;429;"Gloss Clear Vinyl";
91797P02;3121;13;438;"Gloss White Vinyl";
91797P03;3122;13;438;"Gloss White Vinyl";
91798P01;3123;21;429;"Gloss Clear Vinyl";
91798P02;3124;15;438;"Gloss White Vinyl";
91798P03;3125;23;438;"Gloss White Vinyl";
91798P04;3126;28;438;"Gloss White Vinyl";
91798P05;3127;11;438;"Gloss White Vinyl";
91799P01;3128;21;650;"Rigid Clear";
91799P02;3129;22;649;"Rigid Clear";
91801P01;3130;27;429;"Gloss Clear Vinyl";
91802P01;3131;22;429;"Gloss Clear Vinyl";
91803P01;3132;18;429;"Gloss Clear Vinyl";
91804P01;3134;9;429;"Gloss Clear Vinyl";
91805P01;3135;14;429;"Gloss Clear Vinyl";
91806P01;3136;18;429;"Gloss Clear Vinyl";
91807P01;3137;11;649;"Rigid Clear";
91807P02;3138;20;429;"Gloss Clear Vinyl";
91808P01;3139;22;429;"Gloss Clear Vinyl";
91808P02;3140;28;429;"Gloss Clear Vinyl";
91809P01;3141;14;649;"Rigid Clear";
91809P02;3142;14;649;"Rigid Clear";
91809P03;3143;26;649;"Rigid Clear";
91810P01;3144;21;429;"Gloss Clear Vinyl";
91811P01;3145;32;438;"Gloss White Vinyl";
91812P01;3146;15;429;"Gloss Clear Vinyl";
91813P01;3147;30;649;"Rigid Clear";
91814P01;3148;80;411;Holographic;
91816P01;3149;12;441;"Review 2";
91818P01;3150;14;441;"Review 2";
91819P01;3151;17;433;"Review 2";
91820P01;3152;13;441;"Review 2";
91821P01;3153;18;433;"Review 2";
91822P01;3154;15;441;"Review 2";
91823P01;3155;14;441;"Review 2";
91824P01;3156;16;441;"Review 2";
91825P01;3157;17;441;"Review 2";
91826P01;3158;19;411;Holographic;
91827P01;3159;17;441;"Review 2";
91828P01;3160;19;411;Holographic;
91830P01;3161;61;411;Holographic;
91831P01;3162;26;411;Holographic;
91833P01;3163;19;542;Review;
91836P01;3165;23;433;"Review 2";
91838P01;3166;21;441;"Review 2";
91839P01;3167;19;411;Holographic;
91840P01;3168;28;441;"Review 2";
91842P01;3169;16;411;Holographic;
91843P01;3170;15;438;"Gloss White Vinyl";
91844P01;3171;16;438;"Gloss White Vinyl";
91846P01;3172;13;441;"Review 2";
91847P01;3173;16;438;"Gloss White Vinyl";
91848P01;3174;14;441;"Review 2";
91851P01;3175;44;411;Holographic;
91852P01;3176;15;429;"Gloss Clear Vinyl";
91853P01;3177;19;429;"Gloss Clear Vinyl";
91854P01;3178;11;429;"Gloss Clear Vinyl";
91856P01;3179;13;649;"Rigid Clear";
91857P01;3180;23;649;"Rigid Clear";
91858P01;3181;15;441;"Review 2";
91859P01;3182;14;441;"Review 2";
91860P01;3183;16;441;"Review 2";
91861P01;3184;23;649;"Rigid Clear";
91862P01;3185;13;649;"Rigid Clear";
91863P01;3186;22;649;"Rigid Clear";
91864P01;3187;18;429;"Gloss Clear Vinyl";
91865P01;3188;27;649;"Rigid Clear";
91866P01;3189;14;649;"Rigid Clear";
91867P01;3190;21;649;"Rigid Clear";
91829P01;3191;19;543;"Review 3";
91869P01;3192;18;649;"Rigid Clear";
91871P01;3193;17;649;"Rigid Clear";
91872P01;3194;12;649;"Rigid Clear";
91873P01;3195;14;649;"Rigid Clear";
91298P01;3197;22;649;"Rigid Clear";
91299P01;3198;26;649;"Rigid Clear";
91300P01;3199;41;649;"Rigid Clear";
91301P01;3200;15;649;"Rigid Clear";
91302P01;3201;16;649;"Rigid Clear";
91303P01;3202;9;429;"Gloss Clear Vinyl";
91304P01;3203;34;426;"Ravage Clear Vinyl";
91305P01;3204;122;649;"Rigid Clear";
91306P01;3205;20;649;"Rigid Clear";
91307P01;3206;18;649;"Rigid Clear";
91308P01;3207;39;649;"Rigid Clear";
91309P01;3208;11;438;"Gloss White Vinyl";
91310P01;3209;10;429;"Gloss Clear Vinyl";
91311P01;3210;15;649;"Rigid Clear";
91311P02;3211;20;649;"Rigid Clear";
91312P01;3212;26;649;"Rigid Clear";
91312P02;3213;18;649;"Rigid Clear";
91313P01;3214;26;649;"Rigid Clear";
91314P01;3215;15;429;"Gloss Clear Vinyl";
91315P01;3216;54;649;"Rigid Clear";
91317P01;3217;45;438;"Gloss White Vinyl";
91318P01;3218;12;438;"Gloss White Vinyl";
91319P01;3219;63;438;"Gloss White Vinyl";
91320P01;3220;16;441;"Review 2";
91321P01;3221;14;441;"Review 2";
91322P01;3222;24;429;"Gloss Clear Vinyl";
91323P01;3223;24;429;"Gloss Clear Vinyl";
91324P01;3224;39;543;"Review 3";
91325P01;3225;23;429;"Gloss Clear Vinyl";
91326P01;3226;17;649;"Rigid Clear";
91327P01;3227;20;429;"Gloss Clear Vinyl";
91328P01;3228;19;429;"Gloss Clear Vinyl";
91329P01;3229;18;429;"Gloss Clear Vinyl";
91330P01;3230;33;427;"Ravage White Vinyl";
91331P01;3231;27;429;"Gloss Clear Vinyl";
91332P01;3232;114;426;"Ravage Clear Vinyl";
91333P01;3233;67;438;"Gloss White Vinyl";
91334P01;3234;25;433;"Review 2";
91335P01;3235;32;429;"Gloss Clear Vinyl";
91336P01;3236;38;438;"Gloss White Vinyl";
91337P01;3237;14;649;"Rigid Clear";
91338P01;3238;13;429;"Gloss Clear Vinyl";
91341P01;3239;18;429;"Gloss Clear Vinyl";
91342P01;3240;11;649;"Rigid Clear";
91343P01;3241;43;429;"Gloss Clear Vinyl";
91344P01;3242;20;649;"Rigid Clear";
91345P01;3243;8;649;"Rigid Clear";
91346P01;3244;15;429;"Gloss Clear Vinyl";
91347P01;3245;21;429;"Gloss Clear Vinyl";
91348P01;3246;28;649;"Rigid Clear";
91349P01;3247;21;426;"Ravage Clear Vinyl";
91350P01;3248;48;426;"Ravage Clear Vinyl";
91351P01;3249;18;649;"Rigid Clear";
91351P02;3250;47;649;"Rigid Clear";
91352P01;3251;22;649;"Rigid Clear";
91353P01;3252;21;429;"Gloss Clear Vinyl";
91354P01;3253;16;649;"Rigid Clear";
91355P01;3254;9;429;"Gloss Clear Vinyl";
91356P01;3256;41;649;"Rigid Clear";
91357P01;3257;20;540;Review;
91358P01;3258;23;542;Review;
91359P01;3259;17;649;"Rigid Clear";
91360P01;3260;39;426;"Ravage Clear Vinyl";
91361P01;3261;43;426;"Ravage Clear Vinyl";
91362P01;3262;22;649;"Rigid Clear";
91363P01;3263;37;649;"Rigid Clear";
91364P01;3264;30;649;"Rigid Clear";
91365P01;3265;49;429;"Gloss Clear Vinyl";
91366P01;3266;23;429;"Gloss Clear Vinyl";
91367P01;3267;27;429;"Gloss Clear Vinyl";
91368P01;3268;25;429;"Gloss Clear Vinyl";
91369P01;3269;27;438;"Gloss White Vinyl";
91370P01;3270;29;429;"Gloss Clear Vinyl";
91371P01;3271;16;429;"Gloss Clear Vinyl";
91372P01;3272;21;438;"Gloss White Vinyl";
91373P01;3273;29;649;"Rigid Clear";
91374P01;3274;88;438;"Gloss White Vinyl";
91375P01;3275;23;438;"Gloss White Vinyl";
91376P01;3276;48;438;"Gloss White Vinyl";
91377P01;3277;21;433;"Review 2";
91378P01;3278;24;649;"Rigid Clear";
91379P01;3279;21;649;"Rigid Clear";
91380P01;3280;14;649;"Rigid Clear";
91380P02;3281;25;649;"Rigid Clear";
91381P01;3282;24;649;"Rigid Clear";
91382P01;3283;15;649;"Rigid Clear";
91382P02;3284;23;649;"Rigid Clear";
91383P01;3285;11;649;"Rigid Clear";
91383P02;3286;15;649;"Rigid Clear";
91383P03;3287;17;649;"Rigid Clear";
91384P01;3288;14;429;"Gloss Clear Vinyl";
91384P02;3289;18;429;"Gloss Clear Vinyl";
91385P01;3290;44;426;"Ravage Clear Vinyl";
91386P01;3291;15;429;"Gloss Clear Vinyl";
91387P01;3292;13;429;"Gloss Clear Vinyl";
91388P01;3293;40;649;"Rigid Clear";
91389P01;3294;8;429;"Gloss Clear Vinyl";
91390P01;3295;10;649;"Rigid Clear";
91391P01;3296;29;649;"Rigid Clear";
91392P01;3297;18;429;"Gloss Clear Vinyl";
91393P01;3298;13;649;"Rigid Clear";
91394P01;3299;15;429;"Gloss Clear Vinyl";
91395P01;3300;27;649;"Rigid Clear";
91395P02;3301;13;542;Review;
91396P01;3302;13;649;"Rigid Clear";
91396P02;3303;12;433;"Review 2";
91397P01;3304;35;649;"Rigid Clear";
91398P01;3305;94;426;"Ravage Clear Vinyl";
91398P02;3306;21;426;"Ravage Clear Vinyl";
91399P01;3307;26;649;"Rigid Clear";
91400P01;3308;17;649;"Rigid Clear";
91401P01;3309;36;649;"Rigid Clear";
91402P01;3310;17;649;"Rigid Clear";
91403P01;3311;14;438;"Gloss White Vinyl";
91403P02;3312;15;429;"Gloss Clear Vinyl";
91404P01;3313;21;429;"Gloss Clear Vinyl";
91405P01;3314;13;438;"Gloss White Vinyl";
91406P01;3315;10;429;"Gloss Clear Vinyl";
91407P01;3316;15;429;"Gloss Clear Vinyl";
91408P01;3317;27;649;"Rigid Clear";
91409P01;3318;26;429;"Gloss Clear Vinyl";
91410P01;3319;20;438;"Gloss White Vinyl";
91411P01;3320;12;438;"Gloss White Vinyl";
91411P02;3321;47;429;"Gloss Clear Vinyl";
91412P01;3322;12;649;"Rigid Clear";
91412P02;3323;14;649;"Rigid Clear";
91412P03;3324;10;649;"Rigid Clear";
91412P04;3325;14;438;"Gloss White Vinyl";
91412P05;3326;11;438;"Gloss White Vinyl";
91412P06;3327;10;438;"Gloss White Vinyl";
91412P07;3328;14;438;"Gloss White Vinyl";
91412P08;3329;39;438;"Gloss White Vinyl";
91412P09;3330;45;438;"Gloss White Vinyl";
91413P01;3331;21;429;"Gloss Clear Vinyl";
91414P01;3332;24;429;"Gloss Clear Vinyl";
91414P02;3333;19;433;"Review 2";
91415P01;3334;25;438;"Gloss White Vinyl";
91416P01;3335;15;438;"Gloss White Vinyl";
91417P01;3336;64;426;"Ravage Clear Vinyl";
91418P01;3337;9;647;"Matte Chrome Silver";
91419P01;3338;60;649;"Rigid Clear";
91420P01;3339;64;438;"Gloss White Vinyl";
91421P01;3340;14;649;"Rigid Clear";
91422P01;3341;24;649;"Rigid Clear";
91423P01;3342;19;429;"Gloss Clear Vinyl";
91424P01;3343;9;429;"Gloss Clear Vinyl";
91425P01;3344;17;429;"Gloss Clear Vinyl";
91426P01;3345;37;429;"Gloss Clear Vinyl";
91427P01;3346;42;649;"Rigid Clear";
91428P01;3347;10;438;"Gloss White Vinyl";
91429P01;3348;17;429;"Gloss Clear Vinyl";
91430P01;3349;12;429;"Gloss Clear Vinyl";
91431P01;3350;40;649;"Rigid Clear";
91432P01;3351;25;429;"Gloss Clear Vinyl";
91433P01;3352;25;429;"Gloss Clear Vinyl";
91434P01;3353;15;649;"Rigid Clear";
91435P01;3354;43;649;"Rigid Clear";
91437P01;3356;35;429;"Gloss Clear Vinyl";
91438P01;3357;25;429;"Gloss Clear Vinyl";
91439P01;3358;61;649;"Rigid Clear";
91440P01;3359;17;429;"Gloss Clear Vinyl";
91441P01;3360;26;429;"Gloss Clear Vinyl";
91442P01;3361;67;649;"Rigid Clear";
91443P01;3362;21;649;"Rigid Clear";
91444P01;3363;16;429;"Gloss Clear Vinyl";
91445P01;3364;35;649;"Rigid Clear";
91446P01;3365;14;429;"Gloss Clear Vinyl";
91447P01;3366;28;429;"Gloss Clear Vinyl";
91448P01;3367;21;429;"Gloss Clear Vinyl";
91449P01;3368;66;649;"Rigid Clear";
91450P01;3369;26;429;"Gloss Clear Vinyl";
91451P01;3370;13;429;"Gloss Clear Vinyl";
91452P01;3371;42;429;"Gloss Clear Vinyl";
91453P01;3372;17;429;"Gloss Clear Vinyl";
91454P01;3373;20;429;"Gloss Clear Vinyl";
91455P01;3374;17;426;"Ravage Clear Vinyl";
91457P01;3375;17;429;"Gloss Clear Vinyl";
91458P01;3376;16;429;"Gloss Clear Vinyl";
91459P01;3377;21;429;"Gloss Clear Vinyl";
91460P01;3378;32;649;"Rigid Clear";
91460P02;3379;21;649;"Rigid Clear";
91461P01;3380;29;649;"Rigid Clear";
91462P01;3381;25;649;"Rigid Clear";
91463P01;3382;17;429;"Gloss Clear Vinyl";
91464P01;3383;28;438;"Gloss White Vinyl";
91465P01;3384;39;649;"Rigid Clear";
91466P01;3385;17;429;"Gloss Clear Vinyl";
91466P02;3386;23;433;"Review 2";
91467P01;3387;19;429;"Gloss Clear Vinyl";
91467P02;3388;30;433;"Review 2";
91468P01;3389;40;433;"Review 2";
91468P02;3390;17;433;"Review 2";
91469P01;3391;18;433;"Review 2";
91469P02;3392;41;433;"Review 2";
91470P01;3393;69;429;"Gloss Clear Vinyl";
91471P01;3394;44;429;"Gloss Clear Vinyl";
91472P01;3395;23;430;"Gloss White Vinyl";
91473P01;3396;17;429;"Gloss Clear Vinyl";
91474P01;3397;17;649;"Rigid Clear";
91475P01;3398;20;429;"Gloss Clear Vinyl";
91476P01;3399;10;429;"Gloss Clear Vinyl";
91478P01;3400;16;649;"Rigid Clear";
91478P02;3401;22;649;"Rigid Clear";
91478P03;3402;18;649;"Rigid Clear";
91479P01;3403;18;649;"Rigid Clear";
91479P02;3404;17;649;"Rigid Clear";
91479P03;3405;14;649;"Rigid Clear";
91479P04;3406;39;649;"Rigid Clear";
91480P01;3407;23;649;"Rigid Clear";
91480P02;3408;20;649;"Rigid Clear";
91480P03;3409;11;649;"Rigid Clear";
91481P01;3410;35;649;"Rigid Clear";
91482P01;3411;11;649;"Rigid Clear";
91483P01;3412;22;429;"Gloss Clear Vinyl";
91484P01;3413;23;429;"Gloss Clear Vinyl";
91485P01;3414;17;429;"Gloss Clear Vinyl";
91486P01;3415;13;649;"Rigid Clear";
91487P01;3416;13;649;"Rigid Clear";
91488P01;3418;15;429;"Gloss Clear Vinyl";
91489P01;3419;17;649;"Rigid Clear";
91489P02;3420;19;649;"Rigid Clear";
91489P03;3421;18;649;"Rigid Clear";
91489P04;3422;10;542;Review;
91490P01;3423;23;649;"Rigid Clear";
91491P01;3424;31;649;"Rigid Clear";
91492P01;3425;60;649;"Rigid Clear";
91492P02;3426;175;649;"Rigid Clear";
91493P01;3427;18;649;"Rigid Clear";
91494P01;3428;10;649;"Rigid Clear";
91495P01;3429;16;429;"Gloss Clear Vinyl";
91496P01;3430;23;429;"Gloss Clear Vinyl";
91497P01;3431;49;649;"Rigid Clear";
91498P01;3432;28;649;"Rigid Clear";
91499P01;3433;17;649;"Rigid Clear";
91500P01;3434;11;429;"Gloss Clear Vinyl";
91501P01;3435;42;429;"Gloss Clear Vinyl";
91502P01;3436;15;429;"Gloss Clear Vinyl";
91503P01;3437;42;649;"Rigid Clear";
91504P01;3438;29;429;"Gloss Clear Vinyl";
91505P01;3439;23;429;"Gloss Clear Vinyl";
91506P01;3440;30;429;"Gloss Clear Vinyl";
91507P01;3441;15;649;"Rigid Clear";
91508P01;3442;19;649;"Rigid Clear";
91509P01;3443;24;429;"Gloss Clear Vinyl";
91510P01;3444;19;429;"Gloss Clear Vinyl";
91511P01;3445;26;649;"Rigid Clear";
91512P01;3446;19;429;"Gloss Clear Vinyl";
91513P01;3447;20;429;"Gloss Clear Vinyl";
91514P01;3448;19;429;"Gloss Clear Vinyl";
91515P01;3449;18;429;"Gloss Clear Vinyl";
91516P01;3450;14;429;"Gloss Clear Vinyl";
91517P01;3451;18;429;"Gloss Clear Vinyl";
91518P01;3452;25;429;"Gloss Clear Vinyl";
91519P01;3453;16;649;"Rigid Clear";
91520P01;3454;19;649;"Rigid Clear";
91521P01;3455;19;649;"Rigid Clear";
91522P01;3456;4;426;"Ravage Clear Vinyl";
91523P01;3457;39;649;"Rigid Clear";
91523P02;3458;15;542;Review;
91524P01;3459;85;433;"Review 2";
91525P01;3460;13;429;"Gloss Clear Vinyl";
91526P01;3461;25;429;"Gloss Clear Vinyl";
91527P01;3462;32;649;"Rigid Clear";
91528P01;3463;35;649;"Rigid Clear";
91529P01;3464;16;429;"Gloss Clear Vinyl";
91530P01;3465;24;649;"Rigid Clear";
91531P01;3466;20;429;"Gloss Clear Vinyl";
91532P01;3467;19;429;"Gloss Clear Vinyl";
91533P01;3468;20;649;"Rigid Clear";
91534P01;3469;23;649;"Rigid Clear";
91535P01;3470;18;429;"Gloss Clear Vinyl";
91536P01;3471;18;649;"Rigid Clear";
91537P01;3472;34;649;"Rigid Clear";
91538P01;3473;12;649;"Rigid Clear";
91539P01;3474;20;429;"Gloss Clear Vinyl";
91540P01;3475;20;429;"Gloss Clear Vinyl";
91541P01;3476;25;429;"Gloss Clear Vinyl";
91542P01;3477;21;429;"Gloss Clear Vinyl";
91543P01;3478;16;429;"Gloss Clear Vinyl";
91544P01;3479;20;429;"Gloss Clear Vinyl";
91545P01;3480;41;429;"Gloss Clear Vinyl";
91546P01;3481;25;429;"Gloss Clear Vinyl";
91547P01;3482;21;429;"Gloss Clear Vinyl";
91548P01;3483;19;438;"Gloss White Vinyl";
91549P01;3484;16;429;"Gloss Clear Vinyl";
91550P01;3485;18;429;"Gloss Clear Vinyl";
91551P01;3486;16;649;"Rigid Clear";
91552P01;3487;23;429;"Gloss Clear Vinyl";
91553P01;3488;14;649;"Rigid Clear";
91554P01;3489;11;429;"Gloss Clear Vinyl";
91554P02;3490;10;429;"Gloss Clear Vinyl";
91554P03;3491;18;429;"Gloss Clear Vinyl";
91555P01;3492;17;429;"Gloss Clear Vinyl";
91555P02;3493;57;429;"Gloss Clear Vinyl";
91555P03;3494;24;429;"Gloss Clear Vinyl";
91556P01;3495;18;429;"Gloss Clear Vinyl";
91556P02;3496;13;429;"Gloss Clear Vinyl";
91556P03;3497;14;429;"Gloss Clear Vinyl";
91556P04;3498;18;429;"Gloss Clear Vinyl";
91557P01;3499;11;429;"Gloss Clear Vinyl";
91558P01;3500;15;429;"Gloss Clear Vinyl";
91559P01;3501;22;429;"Gloss Clear Vinyl";
91560P01;3502;19;429;"Gloss Clear Vinyl";
91561P01;3503;18;429;"Gloss Clear Vinyl";
91562P01;3504;16;429;"Gloss Clear Vinyl";
91563P01;3505;19;429;"Gloss Clear Vinyl";
91564P01;3506;24;429;"Gloss Clear Vinyl";
91565P01;3507;19;649;"Rigid Clear";
91566P01;3508;22;429;"Gloss Clear Vinyl";
91567P01;3509;16;429;"Gloss Clear Vinyl";
91568P01;3510;24;429;"Gloss Clear Vinyl";
91569P01;3511;15;429;"Gloss Clear Vinyl";
91570P01;3512;12;429;"Gloss Clear Vinyl";
91571P01;3513;21;429;"Gloss Clear Vinyl";
91572P01;3514;18;429;"Gloss Clear Vinyl";
91573P01;3515;18;429;"Gloss Clear Vinyl";
91574P01;3516;17;429;"Gloss Clear Vinyl";
91575P01;3517;16;429;"Gloss Clear Vinyl";
91576P01;3518;20;429;"Gloss Clear Vinyl";
91577P01;3519;15;429;"Gloss Clear Vinyl";
91578P01;3520;15;429;"Gloss Clear Vinyl";
91579P01;3521;22;429;"Gloss Clear Vinyl";
91580P01;3522;20;429;"Gloss Clear Vinyl";
91581P01;3523;15;429;"Gloss Clear Vinyl";
91582P01;3524;19;429;"Gloss Clear Vinyl";
91583P01;3525;24;429;"Gloss Clear Vinyl";
91584P01;3526;24;429;"Gloss Clear Vinyl";
91585P01;3527;18;429;"Gloss Clear Vinyl";
91585P02;3528;18;429;"Gloss Clear Vinyl";
91586P01;3529;17;649;"Rigid Clear";
91586P02;3530;10;429;"Gloss Clear Vinyl";
91587P01;3531;15;429;"Gloss Clear Vinyl";
91587P02;3532;15;429;"Gloss Clear Vinyl";
91588P01;3533;18;429;"Gloss Clear Vinyl";
91589P01;3534;9;429;"Gloss Clear Vinyl";
91590P01;3535;13;429;"Gloss Clear Vinyl";
91590P02;3536;19;429;"Gloss Clear Vinyl";
91590P03;3537;14;429;"Gloss Clear Vinyl";
91591P01;3538;18;429;"Gloss Clear Vinyl";
91591P02;3539;22;433;"Review 2";
91591P03;3540;11;542;Review;
91591P04;3541;15;433;"Review 2";
91592P01;3542;11;649;"Rigid Clear";
91593P01;3543;14;649;"Rigid Clear";
91593P02;3544;15;649;"Rigid Clear";
91593P03;3545;10;649;"Rigid Clear";
91594P01;3546;19;429;"Gloss Clear Vinyl";
91594P02;3547;19;429;"Gloss Clear Vinyl";
91596P01;3548;12;429;"Gloss Clear Vinyl";
91596P02;3549;13;433;"Review 2";
91596P03;3550;12;441;"Review 2";
91596P04;3551;102;542;Review;
91597P01;3552;10;429;"Gloss Clear Vinyl";
91598P01;3553;19;649;"Rigid Clear";
91599P01;3554;23;649;"Rigid Clear";
91600P01;3555;18;429;"Gloss Clear Vinyl";
91600P02;3556;26;649;"Rigid Clear";
91600P03;3557;17;429;"Gloss Clear Vinyl";
91601P01;3558;27;429;"Gloss Clear Vinyl";
91601P02;3559;26;429;"Gloss Clear Vinyl";
91601P03;3560;78;649;"Rigid Clear";
91601P04;3561;20;649;"Rigid Clear";
91602P01;3563;21;649;"Rigid Clear";
91602P02;3564;22;649;"Rigid Clear";
91602P03;3565;23;649;"Rigid Clear";
91603P01;3566;12;649;"Rigid Clear";
91603P02;3567;23;649;"Rigid Clear";
91603P03;3568;14;429;"Gloss Clear Vinyl";
91603P04;3569;19;649;"Rigid Clear";
91604P01;3570;14;429;"Gloss Clear Vinyl";
91604P02;3571;20;429;"Gloss Clear Vinyl";
91604P03;3572;16;429;"Gloss Clear Vinyl";
91604P04;3573;19;433;"Review 2";
91605P01;3574;9;429;"Gloss Clear Vinyl";
91606P01;3575;13;429;"Gloss Clear Vinyl";
91607P01;3576;11;649;"Rigid Clear";
91608P01;3577;13;429;"Gloss Clear Vinyl";
91609P01;3578;20;649;"Rigid Clear";
91609P02;3579;20;649;"Rigid Clear";
91610P01;3580;58;429;"Gloss Clear Vinyl";
91611P01;3581;25;429;"Gloss Clear Vinyl";
91611P02;3582;55;429;"Gloss Clear Vinyl";
91477P01;3583;36;649;"Rigid Clear";
91595P01;3584;19;429;"Gloss Clear Vinyl";
91595P02;3585;20;433;"Review 2";
91595P03;3586;11;543;"Review 3";
91595P04;3587;14;542;Review;
91612P01;3588;12;649;"Rigid Clear";
91612P02;3589;30;649;"Rigid Clear";
91613P01;3590;26;649;"Rigid Clear";
91614P01;3591;25;649;"Rigid Clear";
91615P01;3592;13;649;"Rigid Clear";
91615P02;3593;12;649;"Rigid Clear";
91615P03;3594;14;649;"Rigid Clear";
91616P01;3595;22;438;"Gloss White Vinyl";
91616P02;3596;39;438;"Gloss White Vinyl";
91617P01;3597;45;649;"Rigid Clear";
91618P01;3598;18;429;"Gloss Clear Vinyl";
91619P01;3599;28;429;"Gloss Clear Vinyl";
91620P01;3600;11;649;"Rigid Clear";
91620P02;3601;14;649;"Rigid Clear";
91620P03;3602;15;540;Review;
91620P04;3603;15;429;"Gloss Clear Vinyl";
91621P01;3604;10;429;"Gloss Clear Vinyl";
91622P01;3605;9;429;"Gloss Clear Vinyl";
91623P01;3606;14;649;"Rigid Clear";
91624P01;3607;13;429;"Gloss Clear Vinyl";
91625P01;3608;13;649;"Rigid Clear";
91626P01;3609;8;429;"Gloss Clear Vinyl";
91627P01;3610;15;429;"Gloss Clear Vinyl";
91628P01;3611;14;429;"Gloss Clear Vinyl";
91629P01;3612;16;438;"Gloss White Vinyl";
91630P01;3613;16;429;"Gloss Clear Vinyl";
91631P01;3614;25;429;"Gloss Clear Vinyl";
91632P01;3615;14;438;"Gloss White Vinyl";
91633P01;3616;18;429;"Gloss Clear Vinyl";
91634P01;3617;25;429;"Gloss Clear Vinyl";
91635P01;3618;16;649;"Rigid Clear";
91636P01;3619;18;438;"Gloss White Vinyl";
91637P01;3620;16;429;"Gloss Clear Vinyl";
91638P01;3621;20;429;"Gloss Clear Vinyl";
91639P01;3622;41;438;"Gloss White Vinyl";
91640P01;3623;24;438;"Gloss White Vinyl";
91641P01;3624;13;429;"Gloss Clear Vinyl";
91642P01;3625;33;429;"Gloss Clear Vinyl";
91643P01;3626;17;429;"Gloss Clear Vinyl";
91643P02;3627;15;433;"Review 2";
TH135001;3628;107;649;"Rigid Clear";
TH134801;3629;21;649;"Rigid Clear";
RTSAGN01;3630;28;542;Review;
RTSAGN02;3631;8;436;"Micro Gold";
THM00061;3632;26;543;"Review 3";
91644P01;3633;14;429;"Gloss Clear Vinyl";
91645P01;3634;17;429;"Gloss Clear Vinyl";
TH227301;3635;30;542;Review;
TH227302;3636;39;479;"Golden Yellow Vinyl";
TH227303;3637;39;542;Review;
91646P01;3639;18;649;"Rigid Clear";
91647P01;3640;14;649;"Rigid Clear";
91648P01;3641;18;649;"Rigid Clear";
91649P01;3642;11;429;"Gloss Clear Vinyl";
91650P01;3643;16;649;"Rigid Clear";
91651P01;3644;15;649;"Rigid Clear";
91652P01;3645;29;429;"Gloss Clear Vinyl";
91653P01;3646;19;429;"Gloss Clear Vinyl";
91654P01;3647;24;429;"Gloss Clear Vinyl";
91655P01;3648;18;429;"Gloss Clear Vinyl";
91655P02;3649;14;429;"Gloss Clear Vinyl";
91656P01;3650;10;649;"Rigid Clear";
91657P01;3651;16;649;"Rigid Clear";
91658P01;3652;12;649;"Rigid Clear";
91659P01;3653;25;429;"Gloss Clear Vinyl";
91660P01;3654;9;429;"Gloss Clear Vinyl";
91661P01;3655;21;429;"Gloss Clear Vinyl";
91661P02;3656;11;541;"Review 3";
91662P01;3657;21;429;"Gloss Clear Vinyl";
91663P01;3658;25;649;"Rigid Clear";
91664P01;3659;46;649;"Rigid Clear";
91665P01;3660;23;649;"Rigid Clear";
91666P01;3661;16;429;"Gloss Clear Vinyl";
91666P02;3662;23;429;"Gloss Clear Vinyl";
91667P01;3663;15;429;"Gloss Clear Vinyl";
91668P01;3664;16;429;"Gloss Clear Vinyl";
91669P01;3665;8;429;"Gloss Clear Vinyl";
91670P01;3666;12;429;"Gloss Clear Vinyl";
91671P01;3667;17;429;"Gloss Clear Vinyl";
91672P01;3668;22;649;"Rigid Clear";
91673P01;3669;26;429;"Gloss Clear Vinyl";
91674P01;3670;33;649;"Rigid Clear";
91675P01;3671;17;429;"Gloss Clear Vinyl";
91675P02;3672;64;433;"Review 2";
91676P01;3673;15;429;"Gloss Clear Vinyl";
91677P01;3674;27;429;"Gloss Clear Vinyl";
91678P01;3675;29;429;"Gloss Clear Vinyl";
91679P01;3676;14;429;"Gloss Clear Vinyl";
91680P01;3677;18;429;"Gloss Clear Vinyl";
91681P01;3678;13;429;"Gloss Clear Vinyl";
91682P01;3679;27;429;"Gloss Clear Vinyl";
91683P01;3680;17;429;"Gloss Clear Vinyl";
91684P01;3681;25;429;"Gloss Clear Vinyl";
91684P02;3682;26;429;"Gloss Clear Vinyl";
91684P03;3683;12;429;"Gloss Clear Vinyl";
91685P01;3684;13;429;"Gloss Clear Vinyl";
91686P01;3685;36;649;"Rigid Clear";
91687P01;3686;18;429;"Gloss Clear Vinyl";
91688P01;3687;13;429;"Gloss Clear Vinyl";
91689P01;3688;13;429;"Gloss Clear Vinyl";
91690P01;3689;10;429;"Gloss Clear Vinyl";
91691P01;3690;17;429;"Gloss Clear Vinyl";
91692P01;3691;13;429;"Gloss Clear Vinyl";
91693P01;3692;11;429;"Gloss Clear Vinyl";
91694P01;3693;23;429;"Gloss Clear Vinyl";
91695P01;3694;40;540;Review;
91696P01;3695;17;543;"Review 3";
91697P01;3696;20;433;"Review 2";
91698P01;3697;15;543;"Review 3";
91699P01;3698;15;433;"Review 2";
91700P01;3699;32;433;"Review 2";
91701P01;3700;22;543;"Review 3";
91702P01;3701;20;429;"Gloss Clear Vinyl";
91703P01;3702;38;649;"Rigid Clear";
91704P01;3703;17;429;"Gloss Clear Vinyl";
91705P01;3704;13;649;"Rigid Clear";
91705P02;3705;26;649;"Rigid Clear";
91706P01;3706;32;649;"Rigid Clear";
91706P02;3707;18;649;"Rigid Clear";
91706P03;3708;10;543;"Review 3";
91706P04;3709;66;543;"Review 3";
91706P05;3710;15;438;"Gloss White Vinyl";
91706P06;3711;9;438;"Gloss White Vinyl";
91706P07;3712;55;438;"Gloss White Vinyl";
91707P01;3713;14;429;"Gloss Clear Vinyl";
91707P02;3714;41;438;"Gloss White Vinyl";
91708P01;3715;18;429;"Gloss Clear Vinyl";
91708P02;3716;13;438;"Gloss White Vinyl";
91709P01;3717;9;429;"Gloss Clear Vinyl";
91710P01;3718;18;649;"Rigid Clear";
91711P01;3719;10;429;"Gloss Clear Vinyl";
91712P01;3720;19;429;"Gloss Clear Vinyl";
91713P01;3721;19;649;"Rigid Clear";
91714P01;3722;12;429;"Gloss Clear Vinyl";
91715P01;3723;13;429;"Gloss Clear Vinyl";
91716P01;3724;15;429;"Gloss Clear Vinyl";
91717P01;3725;20;429;"Gloss Clear Vinyl";
91718P01;3726;19;429;"Gloss Clear Vinyl";
91719P01;3727;19;649;"Rigid Clear";
91719P02;3728;7;429;"Gloss Clear Vinyl";
91720P01;3729;8;429;"Gloss Clear Vinyl";
91721P01;3730;16;649;"Rigid Clear";
91722P01;3731;11;429;"Gloss Clear Vinyl";
91723P01;3732;13;429;"Gloss Clear Vinyl";
91724P01;3733;22;649;"Rigid Clear";
91725P01;3734;12;649;"Rigid Clear";
91726P01;3735;11;649;"Rigid Clear";
91727P01;3736;10;429;"Gloss Clear Vinyl";
91728P01;3737;32;429;"Gloss Clear Vinyl";
91729P01;3738;10;649;"Rigid Clear";
91730P01;3739;15;649;"Rigid Clear";
91730P02;3740;24;540;Review;
91731P01;3741;18;429;"Gloss Clear Vinyl";
91731P02;3742;18;433;"Review 2";
91732P01;3743;22;429;"Gloss Clear Vinyl";
91732P02;3744;14;429;"Gloss Clear Vinyl";
91732P03;3745;19;429;"Gloss Clear Vinyl";
91732P04;3746;15;543;"Review 3";
91733P01;3747;13;630;"Gloss Clear Vinyl";
91734P01;3748;16;649;"Rigid Clear";
91735P01;3749;15;649;"Rigid Clear";
91736P01;3751;13;429;"Gloss Clear Vinyl";
91737P01;3752;16;429;"Gloss Clear Vinyl";
91738P01;3753;16;429;"Gloss Clear Vinyl";
91739P01;3754;18;429;"Gloss Clear Vinyl";
91740P01;3755;25;429;"Gloss Clear Vinyl";
91741P01;3756;23;429;"Gloss Clear Vinyl";
91741P02;3757;12;438;"Gloss White Vinyl";
91741P03;3758;12;438;"Gloss White Vinyl";
91742P01;3759;25;649;"Rigid Clear";
91743P01;3760;17;429;"Gloss Clear Vinyl";
91744P01;3761;7;429;"Gloss Clear Vinyl";
91745P01;3762;26;649;"Rigid Clear";
91746P01;3763;8;429;"Gloss Clear Vinyl";
91747P01;3764;17;429;"Gloss Clear Vinyl";
91748P01;3765;13;429;"Gloss Clear Vinyl";
91749P01;3766;14;649;"Rigid Clear";
91750P01;3767;10;429;"Gloss Clear Vinyl";
91751P01;3768;19;429;"Gloss Clear Vinyl";
91752P01;3771;14;649;"Rigid Clear";
91753P01;3772;8;429;"Gloss Clear Vinyl";
91754P01;3773;16;649;"Rigid Clear";
91755P01;3774;34;649;"Rigid Clear";
91756P01;3775;17;649;"Rigid Clear";
91756P02;3776;23;438;"Gloss White Vinyl";
91757P01;3777;22;438;"Gloss White Vinyl";
91757P02;3778;13;438;"Gloss White Vinyl";
91758P01;3779;15;438;"Gloss White Vinyl";
91759P01;3780;17;438;"Gloss White Vinyl";
91760P01;3781;17;438;"Gloss White Vinyl";
91761P01;3782;10;438;"Gloss White Vinyl";
91762P01;3783;34;429;"Gloss Clear Vinyl";
91763P01;3784;37;429;"Gloss Clear Vinyl";
91764P01;3785;68;438;"Gloss White Vinyl";
91765P01;3786;18;429;"Gloss Clear Vinyl";
91766P01;3787;15;429;"Gloss Clear Vinyl";
91767P01;3788;26;429;"Gloss Clear Vinyl";
91768P01;3789;14;429;"Gloss Clear Vinyl";
91769P01;3790;10;429;"Gloss Clear Vinyl";
91770P01;3791;15;429;"Gloss Clear Vinyl";
91771P01;3792;10;429;"Gloss Clear Vinyl";
91772P01;3793;18;429;"Gloss Clear Vinyl";
91773P01;3795;32;649;"Rigid Clear";
91774P01;3796;19;649;"Rigid Clear";
91775P01;3797;22;429;"Gloss Clear Vinyl";
91776P01;3798;8;429;"Gloss Clear Vinyl";
RMSAJ601;3799;128;542;Review;
RMSAJ602;3800;49;443;"Silver Vinyl";
RMSAJ603;3801;126;443;"Silver Vinyl";
TH116201;3802;37;543;"Review 3";
RTSAK501;3803;31;542;Review;
RTSAK502;3804;294;421;"Red Vinyl";
RERALD01;3805;43;543;"Review 3";
RERALD02;3806;23;543;"Review 3";
RERALD03;3807;15;619;Avery;
RERALD04;3808;317;427;"Ravage White Vinyl";
TH217401;3809;15;543;"Review 3";
TH217402;3810;71;543;"Review 3";
91777P01;3811;24;438;"Gloss White Vinyl";
91777P02;3812;13;438;"Gloss White Vinyl";
91778P01;3813;39;438;"Gloss White Vinyl";
91779P01;3814;15;429;"Gloss Clear Vinyl";
91780P01;3815;15;429;"Gloss Clear Vinyl";
91781P01;3817;11;429;"Gloss Clear Vinyl";
91781P02;3818;13;429;"Gloss Clear Vinyl";
91781P03;3819;13;438;"Gloss White Vinyl";
RACAHC01;3820;11;438;"Gloss White Vinyl";
RBBAFH01;3821;18;441;"Review 2";
RBBAFH02;3822;29;443;"Silver Vinyl";
RBCABH01;3823;26;542;Review;
RBCAI101;3824;13;438;"Gloss White Vinyl";
RBCAIA01;3825;10;438;"Gloss White Vinyl";
RBCAIA02;3826;142;437;"Gloss Clear Vinyl";
RBCAIC01;3827;101;438;"Gloss White Vinyl";
RCBADQ01;3828;37;543;"Review 3";
RCBAEH01;3829;45;438;"Gloss White Vinyl";
RCBAEH02;3830;147;438;"Gloss White Vinyl";
RCBAEP01;3831;18;438;"Gloss White Vinyl";
RCBAGC01;3832;13;441;"Review 2";
RCRADV01;3833;44;542;Review;
RCRADW01;3834;22;542;Review;
RCRADW02;3835;25;542;Review;
RCVAKY01;3837;12;443;"Silver Vinyl";
RCVAKZ01;3839;18;443;"Silver Vinyl";
RCWAE901;3840;23;542;Review;
RCWAI301;3841;135;443;"Silver Vinyl";
RD9AAJ01;3842;19;441;"Review 2";
RD9AAK01;3843;19;542;Review;
RD9ABI01;3844;22;443;"Silver Vinyl";
RD9AD601;3845;18;542;Review;
RD9ADA01;3846;11;543;"Review 3";
RD9ADA02;3847;22;437;"Gloss Clear Vinyl";
RD9ADY01;3848;16;542;Review;
RD9AEU01;3849;17;542;Review;
RD9AEU02;3850;17;441;"Review 2";
RDDAG201;3851;24;627;"Macro Gold";
RDDAG202;3852;19;627;"Macro Gold";
RDDAG203;3853;47;436;"Micro Gold";
RERALE01;3854;50;625;"Micro Chrome";
RERALE02;3855;40;438;"Gloss White Vinyl";
RERALE03;3856;59;404;7905;
RERALF01;3857;55;543;"Review 3";
RERALH01;3858;20;543;"Review 3";
RERALJ01;3859;45;440;"OLD Matte White Vinyl";
RERALJ02;3860;68;443;"Silver Vinyl";
RERALK01;3861;22;542;Review;
RERALK02;3862;81;438;"Gloss White Vinyl";
RERALK03;3863;69;443;"Silver Vinyl";
RERALL01;3864;76;647;"Matte Chrome Silver";
RERALM01;3865;14;625;"Micro Chrome";
RERALR01;3866;20;441;"Review 2";
RFHACO01;3867;12;543;"Review 3";
RFHACQ01;3868;25;441;"Review 2";
RFHACQ02;3869;15;423;"Removable White Vinyl";
RFHACQ03;3870;15;423;"Removable White Vinyl";
RFHACQ04;3871;62;441;"Review 2";
RFHACU01;3872;25;542;Review;
RFHACU02;3873;22;657;"MPP '25";
RFHACU03;3874;12;657;"MPP '25";
RFHACU04;3875;19;441;"Review 2";
RFHADB01;3876;36;441;"Review 2";
RFHADB02;3877;21;423;"Removable White Vinyl";
RFHADB03;3878;13;423;"Removable White Vinyl";
RFHADB04;3879;64;441;"Review 2";
RFHADD01;3880;20;441;"Review 2";
RFHADD02;3881;11;423;"Removable White Vinyl";
RFHADD03;3882;13;423;"Removable White Vinyl";
RFHADD04;3883;22;441;"Review 2";
RFHAEF01;3884;10;543;"Review 3";
RFSABO01;3886;18;438;"Gloss White Vinyl";
RFTABU01;3887;29;542;Review;
RFTABU02;3888;17;543;"Review 3";
RFTABU03;3889;15;543;"Review 3";
RFTABU04;3890;12;443;"Silver Vinyl";
RFTABU05;3891;18;411;Holographic;
RFTABV01;3892;14;441;"Review 2";
RFTACF01;3893;62;443;"Silver Vinyl";
RFTACF02;3894;16;437;"Gloss Clear Vinyl";
RFTACF03;3895;138;415;"Matte Black Vinyl";
RFTACF04;3896;28;542;Review;
RFTADM01;3897;27;543;"Review 3";
RFTADR01;3898;17;542;Review;
RFTAF901;3899;38;542;Review;
RFTAF902;3900;15;542;Review;
RFTAF903;3901;23;439;"Matte Clear Vinyl";
RFTAFL01;3902;26;542;Review;
RFTAFL02;3903;76;440;"OLD Matte White Vinyl";
RFTAFL03;3904;102;411;Holographic;
RFTAGG01;3905;36;543;"Review 3";
RFTAGG02;3906;13;439;"Matte Clear Vinyl";
RFTAGR01;3907;41;443;"Silver Vinyl";
RFTAGR02;3908;38;443;"Silver Vinyl";
RFTAH201;3909;18;443;"Silver Vinyl";
RFTAH202;3910;34;423;"Removable White Vinyl";
RFTAH401;3911;33;423;"Removable White Vinyl";
RFTAHB01;3912;13;438;"Gloss White Vinyl";
RFTAHE01;3913;16;443;"Silver Vinyl";
RFTAID01;3914;15;438;"Gloss White Vinyl";
RFTAIX01;3915;83;443;"Silver Vinyl";
RGSAI201;3916;29;480;"Ravage Red Vinyl";
RGSAI202;3917;16;443;"Silver Vinyl";
RGSAI203;3918;49;436;"Micro Gold";
RGSAKU01;3919;10;542;Review;
RGSAKU02;3920;56;542;Review;
RGTAAG01;3921;12;542;Review;
RGTAAG02;3922;12;441;"Review 2";
RGTAAG03;3923;49;441;"Review 2";
RGTAD901;3924;25;543;"Review 3";
RGTAD902;3925;87;439;"Matte Clear Vinyl";
RGTAD903;3926;89;439;"Matte Clear Vinyl";
RGTAFK01;3927;19;443;"Silver Vinyl";
RGTAFK02;3928;19;439;"Matte Clear Vinyl";
RIFADI01;3929;23;542;Review;
RIFAEN01;3930;12;438;"Gloss White Vinyl";
RIFAEN02;3931;11;441;"Review 2";
RIGAHZ01;3932;38;423;"Removable White Vinyl";
RJBAD701;3933;12;436;"Micro Gold";
RJBAD702;3934;14;627;"Macro Gold";
RJBAD703;3935;9;627;"Macro Gold";
RJBAD704;3936;17;542;Review;
RJBAD705;3937;34;627;"Macro Gold";
RJBAD706;3938;15;627;"Macro Gold";
RJBAD707;3939;35;436;"Micro Gold";
RJBAD708;3940;93;542;Review;
RJBAJM01;3941;25;542;Review;
RJBAJM02;3942;39;437;"Gloss Clear Vinyl";
RJBAJM03;3943;35;437;"Gloss Clear Vinyl";
RJBAJM04;3944;10;542;Review;
RKCAAN01;3945;29;543;"Review 3";
RKCAAN02;3946;16;542;Review;
RTSALV01;3948;29;443;"Silver Vinyl";
RKCAEL01;3950;41;543;"Review 3";
RKCAEL02;3951;35;543;"Review 3";
RKCAEL03;3952;148;416;"Matte Dark Grey Vinyl";
RKCAH801;3954;23;443;"Silver Vinyl";
RKCAIG01;3955;35;438;"Gloss White Vinyl";
RKCAIH01;3956;23;438;"Gloss White Vinyl";
RKCAII01;3957;19;438;"Gloss White Vinyl";
RLGAFU01;3958;26;440;"OLD Matte White Vinyl";
RLGAFU02;3959;17;437;"Gloss Clear Vinyl";
RLGAHQ01;3960;42;542;Review;
RLGAHQ02;3961;94;411;Holographic;
RLRAD801;3962;11;441;"Review 2";
RMCAAM01;3963;10;625;"Micro Chrome";
RMCAAT01;3964;12;439;"Matte Clear Vinyl";
RMCAAT02;3965;16;542;Review;
RMCAAU01;3966;14;542;Review;
RMCAAU02;3967;15;441;"Review 2";
RMCAEW01;3968;22;543;"Review 3";
RMCAFF01;3969;16;443;"Silver Vinyl";
RMCAFF02;3970;21;439;"Matte Clear Vinyl";
RMCAGI01;3971;44;543;"Review 3";
RMCAGI02;3972;14;543;"Review 3";
RMCAGI03;3973;78;542;Review;
RMCAGI04;3974;42;439;"Matte Clear Vinyl";
RMCAGI05;3975;137;443;"Silver Vinyl";
RMCAGI06;3976;16;627;"Macro Gold";
RMCAGI07;3977;32;627;"Macro Gold";
RMCAHV01;3978;59;443;"Silver Vinyl";
RMFAFA01;3979;14;542;Review;
RMFAFA02;3980;120;542;Review;
RMFAFA03;3981;13;439;"Matte Clear Vinyl";
RMFAFA04;3982;11;443;"Silver Vinyl";
RMFAFA05;3983;37;443;"Silver Vinyl";
RMFAFC01;3984;11;543;"Review 3";
RMFAFC02;3985;17;542;Review;
RMFAFC03;3986;13;439;"Matte Clear Vinyl";
RMFAFC04;3987;42;443;"Silver Vinyl";
RMFAFC05;3988;67;441;"Review 2";
RMPAAV01;3989;14;543;"Review 3";
RMPAC101;3990;48;438;"Gloss White Vinyl";
RMPACM01;3991;25;438;"Gloss White Vinyl";
RMPACP01;3992;21;543;"Review 3";
RMPACP02;3993;57;409;"Gloss Black Vinyl";
RMPAD501;3994;39;438;"Gloss White Vinyl";
RMPADG01;3995;15;438;"Gloss White Vinyl";
RMPADS01;3996;38;438;"Gloss White Vinyl";
RMPAE201;3997;18;438;"Gloss White Vinyl";
RMPAEG01;3998;30;438;"Gloss White Vinyl";
RMPAF401;4001;51;438;"Gloss White Vinyl";
RMPAF501;4002;24;438;"Gloss White Vinyl";
RMPAF601;4003;14;423;"Removable White Vinyl";
RMPAFD01;4004;18;438;"Gloss White Vinyl";
RMPAGJ01;4005;15;437;"Gloss Clear Vinyl";
RMPAGJ02;4006;59;438;"Gloss White Vinyl";
RMPAGK01;4007;72;443;"Silver Vinyl";
RMPAGK02;4008;26;437;"Gloss Clear Vinyl";
RMPAGK03;4009;70;438;"Gloss White Vinyl";
RMPAGM01;4010;23;443;"Silver Vinyl";
RMPAGS01;4011;101;438;"Gloss White Vinyl";
RMPAH901;4012;27;438;"Gloss White Vinyl";
RMPAIB01;4013;43;438;"Gloss White Vinyl";
RMPAIM01;4014;77;426;"Ravage Clear Vinyl";
RMPAIN01;4015;49;426;"Ravage Clear Vinyl";
RMPAIO01;4016;65;426;"Ravage Clear Vinyl";
RMPAIP01;4017;20;437;"Gloss Clear Vinyl";
RMPAIQ01;4018;28;437;"Gloss Clear Vinyl";
RMPAIR01;4019;23;437;"Gloss Clear Vinyl";
RMPAIW01;4020;8;423;"Removable White Vinyl";
RMPAJA01;4021;52;438;"Gloss White Vinyl";
RMPAJN01;4022;63;438;"Gloss White Vinyl";
RMPAJW01;4023;9;543;"Review 3";
RMPAJW02;4024;65;543;"Review 3";
RMPAJW03;4025;103;543;"Review 3";
RMPAJW04;4026;16;443;"Silver Vinyl";
RMPAK101;4027;99;438;"Gloss White Vinyl";
RMPAK102;4028;11;543;"Review 3";
RMPAK103;4029;91;439;"Matte Clear Vinyl";
RMPAK201;4030;22;438;"Gloss White Vinyl";
RMPAK202;4031;13;543;"Review 3";
RMSAAQ01;4032;22;543;"Review 3";
RMSAAQ02;4033;12;459;"Gloss Black Vinyl";
RMSAAQ03;4034;33;441;"Review 2";
RMSAEX01;4035;66;437;"Gloss Clear Vinyl";
RMSAEX02;4036;55;438;"Gloss White Vinyl";
RMSAEY01;4037;10;438;"Gloss White Vinyl";
RMSAEY02;4038;25;437;"Gloss Clear Vinyl";
RMSAEY03;4039;75;437;"Gloss Clear Vinyl";
TH104701;4040;135;437;"Gloss Clear Vinyl";
TH104702;4041;14;543;"Review 3";
RTSALZ01;4042;27;443;"Silver Vinyl";
TH19A501;4043;147;543;"Review 3";
TH19A502;4044;18;437;"Gloss Clear Vinyl";
RTSAFO01;4045;28;542;Review;
RTSAFO02;4046;118;437;"Gloss Clear Vinyl";
RGTALT01;4047;42;441;"Review 2";
RGTALT02;4048;38;437;"Gloss Clear Vinyl";
RGTALT03;4049;31;438;"Gloss White Vinyl";
TH0X1101;4050;10;542;Review;
TH0X1102;4051;17;542;Review;
TH0X1103;4052;13;542;Review;
TH218701;4053;19;542;Review;
TH218702;4054;18;437;"Gloss Clear Vinyl";
TH218703;4055;115;421;"Red Vinyl";
RTSAGV01;4056;31;543;"Review 3";
RTSAGV02;4057;140;443;"Silver Vinyl";
RTSAK601;4058;21;542;Review;
RTSAJU01;4059;51;443;"Silver Vinyl";
RTSAJU02;4060;49;443;"Silver Vinyl";
RMSAF701;4061;35;542;Review;
RMSAF702;4062;64;437;"Gloss Clear Vinyl";
RMSAF801;4063;16;542;Review;
RMSAF802;4064;51;438;"Gloss White Vinyl";
RMSAF803;4065;51;437;"Gloss Clear Vinyl";
RMSAG501;4066;32;543;"Review 3";
RMSAGH01;4067;35;542;Review;
RMSAGH02;4068;16;436;"Micro Gold";
RMSAGZ01;4069;61;443;"Silver Vinyl";
RMSAHH01;4070;23;543;"Review 3";
RMSAK901;4071;30;542;Review;
RMTAB701;4072;10;625;"Micro Chrome";
RMTAB702;4073;30;411;Holographic;
RMTABE01;4074;10;543;"Review 3";
RMTABE02;4075;9;413;"Light Blue Vinyl";
RMTAEM01;4076;62;543;"Review 3";
RMTAEM02;4077;12;438;"Gloss White Vinyl";
RMTAEV01;4078;14;543;"Review 3";
RMTAEV02;4079;15;438;"Gloss White Vinyl";
RMTAEV03;4080;40;413;"Light Blue Vinyl";
RMTAH301;4081;12;423;"Removable White Vinyl";
RMTAIV01;4082;60;438;"Gloss White Vinyl";
RNAALB01;4083;102;440;"OLD Matte White Vinyl";
RNAALB02;4084;20;542;Review;
RNAALC01;4086;13;543;"Review 3";
RNAALC02;4087;16;429;"Gloss Clear Vinyl";
RNAALC03;4088;21;425;"White Cling";
ROPAAS01;4089;10;625;"Micro Chrome";
ROPAAS02;4090;15;543;"Review 3";
ROXAA201;4091;46;543;"Review 3";
ROXAA202;4092;31;543;"Review 3";
ROXAA301;4093;8;647;"Matte Chrome Silver";
ROXAA302;4094;42;441;"Review 2";
ROXACR01;4095;66;542;Review;
ROXACY01;4096;49;542;Review;
RPEABB01;4097;11;542;Review;
RPEADC01;4098;25;543;"Review 3";
RPEAG101;4099;12;542;Review;
RPPAB101;4100;28;542;Review;
RPPAB201;4101;24;543;"Review 3";
RPPAB801;4102;15;542;Review;
RPPABZ01;4103;21;543;"Review 3";
RPPAB301;4104;34;542;Review;
RPPAC401;4105;27;543;"Review 3";
RPPAC402;4106;16;542;Review;
RPPAC403;4107;82;543;"Review 3";
RPPAC501;4108;19;543;"Review 3";
RPPAC601;4109;16;542;Review;
RPPAC602;4110;27;542;Review;
RPPAC701;4111;10;542;Review;
RPPACB01;4112;36;542;Review;
RPPACB02;4113;35;443;"Silver Vinyl";
RPPACC01;4114;14;543;"Review 3";
RPPACC02;4115;35;437;"Gloss Clear Vinyl";
RPPACD01;4116;27;542;Review;
RTSAJW01;4117;42;438;"Gloss White Vinyl";
RTSAJW02;4118;19;542;Review;
RTSAJW03;4119;29;542;Review;
RTSAJW04;4120;26;543;"Review 3";
RTSAJW05;4121;19;542;Review;
RTSAJW06;4122;51;443;"Silver Vinyl";
RTSAJW07;4123;48;443;"Silver Vinyl";
RTSAJW08;4124;33;443;"Silver Vinyl";
RTSAJW09;4125;16;439;"Matte Clear Vinyl";
RTSAJW10;4126;17;439;"Matte Clear Vinyl";
RTSAJW11;4127;11;542;Review;
RTSAJW12;4128;34;443;"Silver Vinyl";
TH215601;4129;25;542;Review;
TH215602;4130;31;629;Avery;
TH215603;4131;34;437;"Gloss Clear Vinyl";
TH215604;4132;16;404;7905;
TH215605;4133;24;443;"Silver Vinyl";
VV000401;4134;24;411;Holographic;
RTRAAV01;4135;6;542;Review;
RTRAAV02;4136;9;543;"Review 3";
RTRAAV03;4137;21;542;Review;
RTRAAV04;4138;205;542;Review;
RTRAAV05;4139;0;477;Parts;
RPPACE01;4140;80;543;"Review 3";
RPPACE02;4141;15;543;"Review 3";
RPPACW01;4142;102;542;Review;
RPPACW02;4143;35;438;"Gloss White Vinyl";
RPPACW03;4144;18;542;Review;
RPPACX01;4145;16;542;Review;
RPPACX02;4146;39;542;Review;
RPPAD101;4147;54;542;Review;
RPPAD102;4148;22;404;7905;
RPPAD103;4149;14;543;"Review 3";
RPPAD201;4151;12;543;"Review 3";
RPPAD301;4152;17;543;"Review 3";
RPPAD401;4153;15;542;Review;
RPPAD402;4154;31;543;"Review 3";
RPPAD403;4155;185;409;"Gloss Black Vinyl";
RPPAD404;4156;42;543;"Review 3";
RPPADA01;4157;12;542;Review;
RPPADE01;4158;23;543;"Review 3";
RPPADE02;4159;11;543;"Review 3";
RPPADN01;4160;14;438;"Gloss White Vinyl";
RPPADN02;4161;34;543;"Review 3";
RPPADT01;4162;164;542;Review;
RPPADT02;4163;48;438;"Gloss White Vinyl";
RPPADZ01;4164;30;438;"Gloss White Vinyl";
RPPAE301;4165;17;438;"Gloss White Vinyl";
RPPAE401;4166;30;441;"Review 2";
RPPAE402;4167;100;479;"Golden Yellow Vinyl";
RPPAE403;4168;24;413;"Light Blue Vinyl";
RPPAE601;4169;15;542;Review;
RPPAE602;4170;21;439;"Matte Clear Vinyl";
RPPAE701;4171;37;443;"Silver Vinyl";
RPPAE702;4172;28;415;"Matte Black Vinyl";
RPPAE801;4173;95;543;"Review 3";
RPPAE802;4174;37;420;"Purple Vinyl";
RPPAEA01;4175;5024;436;"Micro Gold";
RPPAEA02;4176;5143;409;"Gloss Black Vinyl";
RPPAEA03;4177;97;426;"Ravage Clear Vinyl";
RPPAEC01;4178;56;542;Review;
RPPAED01;4179;14;543;"Review 3";
RPPAED02;4180;41;421;"Red Vinyl";
RPPAEE01;4181;5034;543;"Review 3";
RPPAEE02;4182;5045;436;"Micro Gold";
RPPAEE03;4183;7;436;"Micro Gold";
RPPAEE04;4184;5083;409;"Gloss Black Vinyl";
RPPAEE05;4185;21;426;"Ravage Clear Vinyl";
RPPAEQ01;4186;16;542;Review;
RPPAEQ02;4187;16;543;"Review 3";
RPPAES01;4188;31;543;"Review 3";
RPPAES02;4189;25;542;Review;
RPPAES03;4190;74;437;"Gloss Clear Vinyl";
RPPAES04;4191;95;542;Review;
RPPAET01;4192;16;542;Review;
RPPAET02;4193;13;542;Review;
RPPAET03;4194;25;421;"Red Vinyl";
RPPAET04;4195;37;415;"Matte Black Vinyl";
RPPAEZ01;4196;37;438;"Gloss White Vinyl";
RPPAEZ02;4197;30;542;Review;
RPPAEZ03;4198;64;430;"Gloss White Vinyl";
RPPAFB01;4199;64;543;"Review 3";
RPPAFB02;4200;46;426;"Ravage Clear Vinyl";
RPPAFB03;4201;26;437;"Gloss Clear Vinyl";
RPPAFE01;4202;22;543;"Review 3";
RPPAFE02;4203;36;543;"Review 3";
RPPAFI01;4204;11;543;"Review 3";
RPPAFI02;4205;69;443;"Silver Vinyl";
RPPAFI03;4206;43;437;"Gloss Clear Vinyl";
RPPAFJ01;4207;37;441;"Review 2";
RPPAFJ02;4208;211;443;"Silver Vinyl";
RPPAFJ03;4209;37;415;"Matte Black Vinyl";
THV00401;4210;14;542;Review;
THV00402;4211;19;433;"Review 2";
THV00403;4212;26;443;"Silver Vinyl";
THV00404;4213;71;459;"Gloss Black Vinyl";
RTSAKC01;4214;49;443;"Silver Vinyl";
RTSAJL01;4215;39;443;"Silver Vinyl";
RTSAJL02;4216;78;421;"Red Vinyl";
RTSAFJ01;4217;24;443;"Silver Vinyl";
TH101601;4218;18;647;"Matte Chrome Silver";
TH225801;4219;60;542;Review;
TH225802;4220;30;543;"Review 3";
TH225803;4221;14;542;Review;
TH225804;4222;25;426;"Ravage Clear Vinyl";
TH225805;4223;66;437;"Gloss Clear Vinyl";
TH225806;4224;13;542;Review;
TH208501;4225;18;441;"Review 2";
RTSAI401;4226;85;543;"Review 3";
RTSAI402;4227;25;437;"Gloss Clear Vinyl";
RTSAI403;4228;35;438;"Gloss White Vinyl";
TH106901;4229;19;543;"Review 3";
RPPAFS01;4230;45;439;"Matte Clear Vinyl";
RPPAFS02;4231;14;443;"Silver Vinyl";
RPPAFS03;4232;103;415;"Matte Black Vinyl";
RPPAFT01;4233;12;542;Review;
RPPAFT02;4234;21;542;Review;
RPPAFT03;4235;149;421;"Red Vinyl";
RPPAFT04;4236;9;415;"Matte Black Vinyl";
RPPAFT05;4237;84;542;Review;
RRDAC801;4238;13;441;"Review 2";
RRDADL01;4239;69;542;Review;
RSSAB601;4240;24;542;Review;
RSSABL01;4241;10;647;"Matte Chrome Silver";
RSSACN01;4243;42;543;"Review 3";
RSSADF01;4244;20;542;Review;
RSSADF02;4245;32;443;"Silver Vinyl";
RSSADF03;4246;15;542;Review;
RSSADX01;4247;31;438;"Gloss White Vinyl";
RSSAE101;4248;22;649;"Rigid Clear";
RSSAE501;4249;23;542;Review;
RSSAEB01;4250;52;543;"Review 3";
RSSAEB02;4251;23;542;Review;
RSSAG701;4252;17;543;"Review 3";
RSSAG702;4253;13;429;"Gloss Clear Vinyl";
RSSAG901;4254;15;427;"Ravage White Vinyl";
RSSAG902;4255;39;443;"Silver Vinyl";
RSSAG903;4256;31;437;"Gloss Clear Vinyl";
RSSAGQ01;4257;51;426;"Ravage Clear Vinyl";
RTCAA101;4258;31;543;"Review 3";
RTCAAL01;4259;9;625;"Micro Chrome";
RTCAAL02;4260;19;543;"Review 3";
RTCAAL03;4261;20;543;"Review 3";
RTCABJ01;4262;12;542;Review;
RTCABK01;4263;60;441;"Review 2";
RTCAC201;4264;10;441;"Review 2";
RTCAER01;4265;14;543;"Review 3";
RTEAKE01;4266;12;542;Review;
RTFAJ501;4267;26;437;"Gloss Clear Vinyl";
RTFAJ502;4268;78;443;"Silver Vinyl";
RTFAJ503;4269;21;437;"Gloss Clear Vinyl";
RTKAAC01;4270;18;542;Review;
RTKAAC02;4271;20;429;"Gloss Clear Vinyl";
RTKAAC03;4272;18;441;"Review 2";
RTKABF01;4273;12;443;"Silver Vinyl";
RTKABF02;4274;12;437;"Gloss Clear Vinyl";
RTSAK301;4275;131;542;Review;
TH191701;4276;36;437;"Gloss Clear Vinyl";
TH191702;4277;17;543;"Review 3";
TH220301;4278;62;435;"Silver Vinyl";
TH220302;4279;41;619;Avery;
TH220303;4280;10;543;"Review 3";
TH220304;4281;15;543;"Review 3";
TH220305;4282;10;542;Review;
TH220306;4283;69;663;"OLD HOLOGRAPHIC";
TH19C301;4284;61;441;"Review 2";
RCBAL201;4285;32;443;"Silver Vinyl";
RTKACL01;4287;60;443;"Silver Vinyl";
RTKABP01;4288;38;542;Review;
RTKABP02;4289;15;543;"Review 3";
RTKADJ01;4290;16;542;Review;
RTKADJ02;4291;37;542;Review;
RTKADJ03;4292;61;542;Review;
RTKADJ04;4293;54;542;Review;
RTKADK01;4294;21;542;Review;
RTKADK02;4295;20;437;"Gloss Clear Vinyl";
RTKADK03;4296;24;542;Review;
RTMABD01;4297;16;543;"Review 3";
RTMABD02;4298;15;443;"Silver Vinyl";
RTMABT01;4299;20;441;"Review 2";
RTMABW01;4300;15;543;"Review 3";
RTMABW02;4301;30;431;"Matte Clear Vinyl";
RTMABX01;4302;13;542;Review;
RTMABX02;4303;13;439;"Matte Clear Vinyl";
RTMACV01;4304;10;441;"Review 2";
RTMACV02;4305;11;542;Review;
RTMACV03;4306;18;542;Review;
RTRAA401;4307;28;543;"Review 3";
RTRAA601;4308;42;543;"Review 3";
RTRAA701;4309;16;441;"Review 2";
RTRAA702;4310;53;411;Holographic;
RTRAA801;4312;13;543;"Review 3";
RTRAA802;4313;18;411;Holographic;
RTRAA901;4315;13;543;"Review 3";
RTRAA902;4316;19;411;Holographic;
RTRAAC01;4318;10;625;"Micro Chrome";
RTRAAC02;4319;124;411;Holographic;
RTRAAC03;4320;52;542;Review;
RTRAAI01;4321;22;543;"Review 3";
RTRAAI02;4322;18;441;"Review 2";
RTRAAN01;4323;12;543;"Review 3";
RTRAAO01;4324;45;411;Holographic;
RTRAAO02;4325;13;542;Review;
RTRAAP01;4326;15;542;Review;
RTRAAP02;4327;221;411;Holographic;
RTRAAP03;4328;16;441;"Review 2";
RTRAAX01;4329;20;542;Review;
RTRAAX02;4330;20;411;Holographic;
RTRAAX03;4331;42;441;"Review 2";
RTRAAY01;4332;22;542;Review;
RTRAAY02;4333;40;411;Holographic;
RTRAAZ01;4334;47;543;"Review 3";
RTRAAZ02;4335;13;543;"Review 3";
RTRAB401;4336;52;542;Review;
RTRAB501;4338;23;542;Review;
RTRAB901;4339;19;542;Review;
RTRAB903;4342;211;411;Holographic;
RTRAB902;4343;91;409;"Gloss Black Vinyl";
RTRABA01;4344;20;542;Review;
RTRABB01;4345;35;542;Review;
RTRABB02;4346;65;411;Holographic;
RTRABB03;4347;45;426;"Ravage Clear Vinyl";
RTRABN01;4348;15;441;"Review 2";
RTRABN02;4349;17;441;"Review 2";
RTRAC901;4350;26;543;"Review 3";
RTRACA01;4351;12;542;Review;
RTRACA02;4352;147;411;Holographic;
RTRACI01;4353;14;542;Review;
RTRACS01;4354;12;542;Review;
RTRACS02;4355;36;441;"Review 2";
RTRAEO01;4356;14;441;"Review 2";
RTRAEO02;4357;103;411;Holographic;
RTRAEO03;4358;32;542;Review;
RTRAEO04;4359;8;477;Parts;
TH170601;4360;17;438;"Gloss White Vinyl";
RTSAGA01;4361;19;542;Review;
RTSAGA02;4362;203;439;"Matte Clear Vinyl";
RTSAI701;4363;16;443;"Silver Vinyl";
RTSAI702;4364;36;443;"Silver Vinyl";
RTSAI703;4365;20;437;"Gloss Clear Vinyl";
TH226301;4366;44;443;"Silver Vinyl";
TH226302;4367;25;439;"Matte Clear Vinyl";
TH226303;4368;51;543;"Review 3";
TH103101;4369;47;647;"Matte Chrome Silver";
RTRAFM01;4370;11;542;Review;
RTSAF201;4371;61;542;Review;
RTSAF202;4372;62;415;"Matte Black Vinyl";
RTSAF203;4373;26;421;"Red Vinyl";
RTSAF204;4374;18;413;"Light Blue Vinyl";
RTSAFN01;4375;19;543;"Review 3";
RTSAFP01;4376;67;543;"Review 3";
RTSAFP02;4377;44;438;"Gloss White Vinyl";
RTSAFP03;4378;147;543;"Review 3";
RTSAFV01;4379;23;543;"Review 3";
RTSAFV02;4380;37;438;"Gloss White Vinyl";
RTSAFV03;4381;61;481;"Black Vinyl";
RTSAFW01;4383;32;414;"Light Grey Vinyl";
RTSAFW02;4384;88;543;"Review 3";
RTSAFW03;4385;12;443;"Silver Vinyl";
RTSAFW04;4386;80;426;"Ravage Clear Vinyl";
RTSAFX01;4387;82;443;"Silver Vinyl";
RTSAFZ01;4388;19;542;Review;
RTSAFZ02;4389;43;426;"Ravage Clear Vinyl";
RTSAFZ03;4390;0;477;Parts;
RTSAG401;4391;104;543;"Review 3";
RTSAG801;4393;40;443;"Silver Vinyl";
RTSAGB01;4394;27;443;"Silver Vinyl";
RTSAGD01;4395;24;647;"Matte Chrome Silver";
RTSAGO02;4397;127;414;"Light Grey Vinyl";
RTSAGO03;4398;52;421;"Red Vinyl";
RTSAGU01;4400;51;543;"Review 3";
RTSAGW01;4401;83;441;"Review 2";
RTSAGW02;4402;59;443;"Silver Vinyl";
RTSAGW03;4403;16;452;3651;
RTSAGX01;4406;11;542;Review;
RTSAGX02;4407;186;542;Review;
RTSAGX03;4408;29;443;"Silver Vinyl";
RTSAGX04;4409;14;452;3651;
RTSAGY01;4411;56;443;"Silver Vinyl";
RTSAGY02;4412;29;443;"Silver Vinyl";
RTSAGY03;4413;8;477;Parts;
RTSAHA01;4414;25;625;"Micro Chrome";
RTSAHA02;4415;63;438;"Gloss White Vinyl";
RTSAHW01;4416;17;542;Review;
RTSAI501;4417;60;543;"Review 3";
RTSAI601;4418;18;542;Review;
RTSAI602;4419;104;415;"Matte Black Vinyl";
RTSAI801;4420;51;542;Review;
RTSAI802;4421;90;438;"Gloss White Vinyl";
RTSAI803;4422;32;421;"Red Vinyl";
TAILFINR;4423;3;477;Parts;
RTSAI901;4424;12;542;Review;
RTSAI902;4425;138;438;"Gloss White Vinyl";
RTSAI903;4426;44;421;"Red Vinyl";
RTSAJ101;4428;11;429;"Gloss Clear Vinyl";
RTSAJ201;4429;14;443;"Silver Vinyl";
RTSAJ202;4430;79;438;"Gloss White Vinyl";
RTSAJ301;4431;32;443;"Silver Vinyl";
RTSAJ302;4432;45;438;"Gloss White Vinyl";
RTSAJ401;4433;28;443;"Silver Vinyl";
RTSAJ402;4434;98;437;"Gloss Clear Vinyl";
RTSAJ701;4436;36;443;"Silver Vinyl";
RTSAJ801;4437;22;443;"Silver Vinyl";
RTSAJ901;4438;62;443;"Silver Vinyl";
RTSAJE01;4439;14;443;"Silver Vinyl";
RTSAJE02;4440;55;443;"Silver Vinyl";
RTSAJE03;4441;18;542;Review;
RTSAJG01;4442;11;443;"Silver Vinyl";
RTSAJH01;4443;36;443;"Silver Vinyl";
RTSAJH02;4444;21;404;7905;
RTSAJI01;4445;25;443;"Silver Vinyl";
RTSAJI02;4446;26;415;"Matte Black Vinyl";
RTSAJJ01;4447;55;443;"Silver Vinyl";
RTSAJJ02;4448;18;443;"Silver Vinyl";
RTSAJJ03;4449;48;427;"Ravage White Vinyl";
RTSAJK01;4451;62;443;"Silver Vinyl";
RTSAJK02;4452;184;437;"Gloss Clear Vinyl";
RTSAJK03;4453;69;542;Review;
RTSAJO01;4454;11;542;Review;
RTSAJO02;4455;18;542;Review;
RTSAJO03;4456;42;438;"Gloss White Vinyl";
RTSAJP01;4458;10;443;"Silver Vinyl";
RTSAJP02;4459;57;409;"Gloss Black Vinyl";
RTSAJP03;4460;6;438;"Gloss White Vinyl";
RTSAJQ01;4461;68;443;"Silver Vinyl";
RTSAJQ02;4462;116;409;"Gloss Black Vinyl";
RTSAJR01;4463;8;625;"Micro Chrome";
RTSAJS01;4465;33;435;"Silver Vinyl";
RTSAJS02;4466;39;413;"Light Blue Vinyl";
RTSAJS03;4467;51;420;"Purple Vinyl";
RTSAJT01;4468;46;443;"Silver Vinyl";
RTSAJT02;4469;70;443;"Silver Vinyl";
RTSAJT03;4470;22;542;Review;
RTSAJX01;4472;82;443;"Silver Vinyl";
RTSAJY01;4475;16;443;"Silver Vinyl";
RTSAKD01;4476;59;443;"Silver Vinyl";
RTSAKD02;4477;19;625;"Micro Chrome";
RTSAJZ01;4478;15;443;"Silver Vinyl";
RTSAK701;4479;88;543;"Review 3";
RTSAKA01;4480;67;443;"Silver Vinyl";
RTSAKB01;4481;16;443;"Silver Vinyl";
RTSAKT01;4482;11;543;"Review 3";
RTSAKV01;4483;16;542;Review;
RTSAKV02;4484;89;443;"Silver Vinyl";
RTSAKV03;4485;69;443;"Silver Vinyl";
RTSALG01;4486;118;443;"Silver Vinyl";
RTTAFQ01;4487;16;435;"Silver Vinyl";
RTTAFQ02;4488;32;411;Holographic;
RTTAFQ03;4489;22;441;"Review 2";
RTTAFQ04;4490;41;437;"Gloss Clear Vinyl";
RTTAFQ05;4491;31;542;Review;
RTTAFQ06;4492;17;542;Review;
RTTAFQ07;4493;15;542;Review;
RTTAFQ08;4494;17;542;Review;
RTTAFQ09;4495;43;542;Review;
RTWAA501;4496;15;543;"Review 3";
RTWAAE01;4497;15;543;"Review 3";
RTWAAF01;4498;17;542;Review;
RTWAAF02;4499;64;441;"Review 2";
RTWAAW01;4500;17;543;"Review 3";
RTWAAW02;4501;27;441;"Review 2";
RTWABG01;4502;14;542;Review;
RTWACT01;4503;24;441;"Review 2";
RTWADU01;4504;14;441;"Review 2";
RTWADU02;4505;15;437;"Gloss Clear Vinyl";
RTWAH501;4506;49;441;"Review 2";
RUPAGL01;4507;13;438;"Gloss White Vinyl";
RUPAGL02;4508;24;543;"Review 3";
RUPAGL03;4509;23;438;"Gloss White Vinyl";
RUTAFG01;4510;17;542;Review;
RUTAFG02;4511;17;439;"Matte Clear Vinyl";
RUTAFG03;4512;130;443;"Silver Vinyl";
RUTAGE01;4513;23;543;"Review 3";
RUTAGE02;4514;18;437;"Gloss Clear Vinyl";
RUTAGE03;4515;18;543;"Review 3";
RUTAGF01;4516;26;441;"Review 2";
RUTAGF02;4517;19;437;"Gloss Clear Vinyl";
RUTAIZ01;4518;22;438;"Gloss White Vinyl";
RUTAK801;4519;13;441;"Review 2";
RUTAK802;4520;61;431;"Matte Clear Vinyl";
RUTALA01;4521;14;542;Review;
RUTALA02;4522;19;443;"Silver Vinyl";
RUTALA03;4523;16;431;"Matte Clear Vinyl";
RX2ADP01;4524;13;542;Review;
RX2ADP02;4525;15;543;"Review 3";
RX2ADP03;4526;0;418;"Metalized with Cling";
RX2AEI01;4527;8;418;"Metalized with Cling";
RX2AEJ01;4528;11;418;"Metalized with Cling";
RX2AEK01;4529;12;418;"Metalized with Cling";
RXBABY01;4530;17;542;Review;
RXBABY02;4531;28;411;Holographic;
RXBAHD01;4532;20;438;"Gloss White Vinyl";
RXBAHS01;4533;12;423;"Removable White Vinyl";
RXBAHT01;4534;32;423;"Removable White Vinyl";
RXBAHX01;4535;20;438;"Gloss White Vinyl";
RXBAIF01;4536;23;438;"Gloss White Vinyl";
RXBAIY01;4537;22;438;"Gloss White Vinyl";
RXTAF301;4538;12;542;Review;
RZTAFR01;4539;17;542;Review;
RZTAFR02;4540;68;543;"Review 3";
RZTAFR03;4541;14;542;Review;
RZTAFR04;4542;34;542;Review;
RZTAFR05;4543;11;543;"Review 3";
RZTAFR06;4544;17;542;Review;
RZTAFR07;4545;10;542;Review;
RZTAFR08;4546;29;542;Review;
RZTAHM01;4547;47;443;"Silver Vinyl";
RZTAHM02;4548;16;443;"Silver Vinyl";
RZTAHM03;4549;14;443;"Silver Vinyl";
RZTAHM04;4550;16;443;"Silver Vinyl";
RZTAHM05;4551;68;443;"Silver Vinyl";
RZTAHM06;4552;76;437;"Gloss Clear Vinyl";
RZTAHM07;4553;86;421;"Red Vinyl";
RZTAHM08;4554;22;443;"Silver Vinyl";
SH101P01;4555;14;438;"Gloss White Vinyl";
SH101P02;4556;29;437;"Gloss Clear Vinyl";
SH103P01;4557;18;438;"Gloss White Vinyl";
SH103P02;4558;14;423;"Removable White Vinyl";
SH103P03;4559;15;438;"Gloss White Vinyl";
SH104P01;4560;15;543;"Review 3";
SH104P02;4561;28;437;"Gloss Clear Vinyl";
SH104P03;4562;16;438;"Gloss White Vinyl";
TH010101;4563;26;438;"Gloss White Vinyl";
TH010102;4564;18;438;"Gloss White Vinyl";
TH010103;4565;9;438;"Gloss White Vinyl";
TH010104;4566;39;438;"Gloss White Vinyl";
TH020101;4567;11;429;"Gloss Clear Vinyl";
TH021101;4568;44;429;"Gloss Clear Vinyl";
TH021201;4569;35;542;Review;
TH0A3401;4570;42;426;"Ravage Clear Vinyl";
TH0A3402;4571;22;429;"Gloss Clear Vinyl";
TH0A3501;4572;14;541;"Review 3";
TH0A5001;4573;18;438;"Gloss White Vinyl";
TH0M0101;4574;35;437;"Gloss Clear Vinyl";
TH207901;4575;91;427;"Ravage White Vinyl";
TH207902;4576;15;657;"MPP '25";
TH207903;4577;13;542;Review;
TH207904;4578;18;542;Review;
TH204301;4579;12;542;Review;
TH204302;4580;125;458;"Burgundy Vinyl";
TH114201;4581;21;647;"Matte Chrome Silver";
TH0M0501;4583;13;541;"Review 3";
TH0M0601;4584;8;426;"Ravage Clear Vinyl";
TH0M0701;4585;10;427;"Ravage White Vinyl";
TH0M1101;4587;21;441;"Review 2";
TH0M1102;4588;11;429;"Gloss Clear Vinyl";
TH0M1901;4589;17;426;"Ravage Clear Vinyl";
TH0M2001;4590;33;429;"Gloss Clear Vinyl";
TH0M2101;4591;12;437;"Gloss Clear Vinyl";
TH0M2201;4592;14;437;"Gloss Clear Vinyl";
TH0M2202;4593;8;426;"Ravage Clear Vinyl";
TH0M2301;4594;48;426;"Ravage Clear Vinyl";
TH0M2401;4595;3;426;"Ravage Clear Vinyl";
TH0M2402;4596;12;433;"Review 2";
TH0M2601;4597;43;540;Review;
TH0M2701;4598;50;433;"Review 2";
TH0M2702;4599;37;429;"Gloss Clear Vinyl";
TH0M3201;4602;30;429;"Gloss Clear Vinyl";
TH0M3301;4603;16;429;"Gloss Clear Vinyl";
TH0M3302;4604;16;403;"2F3 Brushed Silver";
TH0M3303;4605;12;438;"Gloss White Vinyl";
TH0M3304;4606;30;426;"Ravage Clear Vinyl";
TH0M3501;4607;18;429;"Gloss Clear Vinyl";
TH0M3502;4608;22;433;"Review 2";
TH0M3503;4609;-100;360;LabelsGO;
TH0M3601;4610;8;429;"Gloss Clear Vinyl";
TH0M3602;4611;101;438;"Gloss White Vinyl";
TH0M3701;4612;58;438;"Gloss White Vinyl";
TH0M3702;4613;40;429;"Gloss Clear Vinyl";
TH0M3801;4614;11;438;"Gloss White Vinyl";
TH0M3802;4615;11;429;"Gloss Clear Vinyl";
TH0M3901;4616;98;437;"Gloss Clear Vinyl";
TH0M3902;4617;12;438;"Gloss White Vinyl";
TH0M3J02;4619;14;438;"Gloss White Vinyl";
TH0M3J03;4620;18;438;"Gloss White Vinyl";
TH0M4001;4621;30;438;"Gloss White Vinyl";
TH0M4002;4622;24;429;"Gloss Clear Vinyl";
TH0M4201;4623;9;438;"Gloss White Vinyl";
TH0M4202;4624;25;429;"Gloss Clear Vinyl";
TH0M4301;4625;67;438;"Gloss White Vinyl";
TH0M4302;4626;13;437;"Gloss Clear Vinyl";
TH0M4401;4627;55;403;"2F3 Brushed Silver";
TH0M4402;4628;22;429;"Gloss Clear Vinyl";
TH0M4403;4629;15;453;"2F3 Brushed Silver";
TH0M4404;4630;34;403;"2F3 Brushed Silver";
TH0M4501;4631;7;459;"Gloss Black Vinyl";
TH0M4502;4632;17;435;"Silver Vinyl";
TH0M4801;4633;74;438;"Gloss White Vinyl";
TH0M4901;4634;22;438;"Gloss White Vinyl";
TH0M5001;4635;16;543;"Review 3";
TH0M5002;4636;23;433;"Review 2";
TH0M5101;4637;15;438;"Gloss White Vinyl";
TH0M5201;4638;10;543;"Review 3";
TH0M5202;4639;13;441;"Review 2";
TH0M5203;4640;54;438;"Gloss White Vinyl";
TH0M5301;4641;17;433;"Review 2";
TH0M5401;4642;83;438;"Gloss White Vinyl";
TH0X0201;4643;28;433;"Review 2";
TH0X0301;4644;19;542;Review;
TH0X0401;4645;42;540;Review;
TH0X0501;4646;52;542;Review;
TH0X0601;4647;35;433;"Review 2";
TH0X0701;4648;14;542;Review;
TH0X0702;4649;19;426;"Ravage Clear Vinyl";
TH0X0801;4650;42;543;"Review 3";
TH0X0901;4651;8;426;"Ravage Clear Vinyl";
TH0X1001;4652;14;542;Review;
TH0X1201;4653;43;540;Review;
TH0X1202;4654;34;540;Review;
TH0X1203;4655;13;540;Review;
TH0X1204;4656;25;540;Review;
TH0X1301;4657;38;433;"Review 2";
TH0X1401;4658;15;433;"Review 2";
TH0X1501;4659;28;433;"Review 2";
TH0X1502;4660;18;540;Review;
TH0X1503;4661;10;540;Review;
TH0X1504;4662;31;543;"Review 3";
TH0X1601;4663;16;540;Review;
TH0X1701;4664;33;433;"Review 2";
TH0X1801;4665;18;540;Review;
TH0X1901;4666;23;433;"Review 2";
TH0X2001;4667;21;543;"Review 3";
TH0X2101;4668;59;541;"Review 3";
TH0X2201;4669;29;438;"Gloss White Vinyl";
TH0X2202;4670;71;541;"Review 3";
TH0X2301;4671;13;542;Review;
TH0X2401;4672;47;542;Review;
TH0X2501;4673;25;484;"Purple Vinyl";
TH0X2502;4674;9;647;"Matte Chrome Silver";
TH0X2601;4675;78;542;Review;
TH0X2602;4676;16;437;"Gloss Clear Vinyl";
TH0X2603;4677;20;413;"Light Blue Vinyl";
TH0X2701;4678;31;649;"Rigid Clear";
TH0X2702;4679;12;437;"Gloss Clear Vinyl";
TH0X2703;4680;13;542;Review;
TH0X2801;4681;21;543;"Review 3";
TH0X2901;4682;32;443;"Silver Vinyl";
TH0X3001;4683;26;543;"Review 3";
TH0X3101;4684;12;542;Review;
TH0X3102;4685;32;542;Review;
TH0X3201;4686;68;441;"Review 2";
TH0X4001;4688;16;443;"Silver Vinyl";
TH100101;4690;11;543;"Review 3";
TH100201;4691;47;543;"Review 3";
TH106701;4692;63;437;"Gloss Clear Vinyl";
TH198601;4693;11;542;Review;
TH198602;4694;11;542;Review;
TH198603;4695;9;461;Holographic;
TH108001;4696;71;542;Review;
TH108801;4697;21;405;Polylite;
TH108802;4698;13;542;Review;
TH100301;4699;35;543;"Review 3";
TH100401;4700;8;647;"Matte Chrome Silver";
TH100501;4701;38;543;"Review 3";
TH109501;4702;11;542;Review;
TH100601;4703;25;543;"Review 3";
TH100701;4704;17;543;"Review 3";
TH100801;4705;32;543;"Review 3";
TH100901;4706;73;543;"Review 3";
TH101001;4707;10;647;"Matte Chrome Silver";
TH101101;4708;25;647;"Matte Chrome Silver";
TH101201;4709;27;542;Review;
TH101202;4710;29;542;Review;
TH101203;4711;10;647;"Matte Chrome Silver";
TH101301;4712;32;543;"Review 3";
TH101401;4713;14;543;"Review 3";
TH101501;4714;16;438;"Gloss White Vinyl";
TH101701;4715;23;543;"Review 3";
TH101801;4716;23;543;"Review 3";
TH101901;4717;22;403;"2F3 Brushed Silver";
TH102001;4718;16;542;Review;
TH102002;4719;9;647;"Matte Chrome Silver";
TH102003;4720;23;542;Review;
TH102004;4721;27;542;Review;
TH102101;4722;54;543;"Review 3";
TH102201;4724;181;437;"Gloss Clear Vinyl";
TH102202;4725;25;542;Review;
TH102301;4726;41;647;"Matte Chrome Silver";
TH102401;4727;16;542;Review;
TH102501;4728;66;443;"Silver Vinyl";
TH102601;4729;67;543;"Review 3";
TH102701;4730;11;443;"Silver Vinyl";
TH102801;4731;35;543;"Review 3";
TH102901;4732;12;542;Review;
TH103001;4733;50;443;"Silver Vinyl";
TH103301;4734;11;426;"Ravage Clear Vinyl";
TH103302;4735;12;542;Review;
TH103401;4736;40;647;"Matte Chrome Silver";
TH103501;4737;21;542;Review;
TH103601;4738;38;647;"Matte Chrome Silver";
TH103602;4739;19;437;"Gloss Clear Vinyl";
TH103701;4740;34;649;"Rigid Clear";
TH103702;4741;5030;437;"Gloss Clear Vinyl";
TH103703;4742;17;430;"Gloss White Vinyl";
TH103801;4743;18;443;"Silver Vinyl";
TH103901;4744;64;542;Review;
TH104001;4745;24;543;"Review 3";
TH104101;4746;63;647;"Matte Chrome Silver";
TH104201;4747;59;542;Review;
TH104401;4748;17;543;"Review 3";
TH104501;4749;23;438;"Gloss White Vinyl";
TH104502;4750;25;543;"Review 3";
TH104601;4751;33;542;Review;
TH104801;4752;57;542;Review;
TH104802;4753;90;437;"Gloss Clear Vinyl";
TH104901;4754;54;437;"Gloss Clear Vinyl";
TH105001;4755;77;647;"Matte Chrome Silver";
TH105101;4756;36;647;"Matte Chrome Silver";
TH105201;4757;11;543;"Review 3";
TH105301;4758;38;543;"Review 3";
TH105401;4759;63;647;"Matte Chrome Silver";
TH105501;4760;28;543;"Review 3";
TH105601;4761;95;542;Review;
TH105701;4762;34;647;"Matte Chrome Silver";
TH105702;4763;12;647;"Matte Chrome Silver";
TH105703;4764;43;647;"Matte Chrome Silver";
TH105801;4765;5035;438;"Gloss White Vinyl";
TH105901;4766;20;403;"2F3 Brushed Silver";
TH106001;4767;30;647;"Matte Chrome Silver";
TH106101;4768;17;542;Review;
TH106201;4769;120;443;"Silver Vinyl";
TH106301;4770;23;543;"Review 3";
TH106401;4771;11;543;"Review 3";
TH106501;4772;82;443;"Silver Vinyl";
TH106601;4773;12;403;"2F3 Brushed Silver";
TH106801;4774;29;438;"Gloss White Vinyl";
TH107001;4775;23;647;"Matte Chrome Silver";
TH107101;4776;74;647;"Matte Chrome Silver";
TH107201;4777;11;542;Review;
TH19G201;4778;20;542;Review;
TH19G202;4779;25;437;"Gloss Clear Vinyl";
TH107301;4780;51;443;"Silver Vinyl";
TH107401;4781;30;542;Review;
TH107501;4782;17;543;"Review 3";
TH107601;4783;38;438;"Gloss White Vinyl";
TH107701;4784;11;443;"Silver Vinyl";
TH107801;4785;13;542;Review;
TH107901;4786;33;543;"Review 3";
TH108101;4787;23;542;Review;
TH108102;4788;49;438;"Gloss White Vinyl";
TH108201;4789;21;542;Review;
TH108301;4790;47;438;"Gloss White Vinyl";
TH108401;4791;23;443;"Silver Vinyl";
TH108501;4792;12;543;"Review 3";
TH108601;4793;38;438;"Gloss White Vinyl";
TH108901;4794;12;405;Polylite;
TH109001;4795;36;543;"Review 3";
TH109101;4796;46;647;"Matte Chrome Silver";
TH109201;4797;60;443;"Silver Vinyl";
TH109301;4798;41;542;Review;
TH109401;4799;52;542;Review;
TH109601;4800;26;542;Review;
TH109602;4801;28;543;"Review 3";
TH109701;4802;14;543;"Review 3";
TH109801;4803;18;543;"Review 3";
TH109901;4804;39;443;"Silver Vinyl";
TH110001;4805;54;542;Review;
TH110101;4806;18;437;"Gloss Clear Vinyl";
TH110201;4807;18;437;"Gloss Clear Vinyl";
TH110301;4808;22;543;"Review 3";
TH110401;4809;14;438;"Gloss White Vinyl";
TH110501;4810;46;647;"Matte Chrome Silver";
TH110601;4811;32;543;"Review 3";
TH110602;4812;26;649;"Rigid Clear";
TH110701;4813;921;426;"Ravage Clear Vinyl";
TH110801;4814;84;421;"Red Vinyl";
TH110802;4815;41;543;"Review 3";
TH110901;4816;4;438;"Gloss White Vinyl";
TH111001;4817;23;647;"Matte Chrome Silver";
TH111101;4818;38;543;"Review 3";
TH111201;4819;17;647;"Matte Chrome Silver";
TH111301;4820;113;543;"Review 3";
TH111401;4821;19;441;"Review 2";
TH111502;4822;643;426;"Ravage Clear Vinyl";
TH111601;4823;83;543;"Review 3";
TH111701;4824;21;543;"Review 3";
TH111801;4825;20;542;Review;
TH111901;4827;12;438;"Gloss White Vinyl";
TH111902;4828;65;542;Review;
TH112001;4829;64;542;Review;
TH112101;4830;26;647;"Matte Chrome Silver";
TH112201;4831;26;542;Review;
TH112301;4832;23;410;"Gold Paper";
TH112401;4833;13;543;"Review 3";
TH112501;4834;18;543;"Review 3";
TH112601;4835;20;543;"Review 3";
TH112701;4836;90;438;"Gloss White Vinyl";
TH112801;4837;40;403;"2F3 Brushed Silver";
TH112901;4838;17;542;Review;
TH113001;4839;29;542;Review;
TH113101;4840;14;542;Review;
TH113201;4841;22;647;"Matte Chrome Silver";
TH113301;4842;11;647;"Matte Chrome Silver";
TH113401;4843;9;403;"2F3 Brushed Silver";
TH113501;4844;5031;625;"Micro Chrome";
TH113601;4845;20;647;"Matte Chrome Silver";
TH113701;4846;30;438;"Gloss White Vinyl";
TH113801;4847;24;542;Review;
TH113901;4848;30;543;"Review 3";
TH114001;4849;12;543;"Review 3";
TH114101;4850;10;647;"Matte Chrome Silver";
TH114301;4851;16;542;Review;
TH114401;4852;11;647;"Matte Chrome Silver";
TH114501;4853;15;542;Review;
TH114601;4854;17;543;"Review 3";
TH114701;4855;17;542;Review;
TH114801;4856;25;410;"Gold Paper";
TH114901;4857;11;647;"Matte Chrome Silver";
TH115001;4858;23;543;"Review 3";
TH115101;4859;40;542;Review;
TH115201;4860;20;410;"Gold Paper";
TH115301;4861;12;542;Review;
TH115401;4862;35;543;"Review 3";
TH115501;4863;159;437;"Gloss Clear Vinyl";
TH115601;4864;24;543;"Review 3";
TH115701;4865;12;403;"2F3 Brushed Silver";
TH115801;4866;10;647;"Matte Chrome Silver";
TH115901;4867;28;543;"Review 3";
TH116001;4868;90;543;"Review 3";
TH116101;4869;31;542;Review;
TH116301;4870;87;543;"Review 3";
TH116401;4871;51;443;"Silver Vinyl";
TH116501;4872;19;542;Review;
TH116601;4873;34;542;Review;
TH116701;4874;11;441;"Review 2";
TH116801;4875;24;543;"Review 3";
TH116802;4876;140;543;"Review 3";
TH116901;4877;23;647;"Matte Chrome Silver";
TH117001;4878;45;647;"Matte Chrome Silver";
TH117101;4879;37;542;Review;
TH117201;4880;13;543;"Review 3";
TH117301;4881;13;625;"Micro Chrome";
TH117401;4882;41;443;"Silver Vinyl";
TH117501;4883;34;542;Review;
TH117601;4884;12;543;"Review 3";
TH117701;4885;12;542;Review;
TH117801;4886;10;542;Review;
TH117901;4887;27;542;Review;
TH117902;4888;13;443;"Silver Vinyl";
TH118001;4889;59;443;"Silver Vinyl";
TH118101;4890;78;436;"Micro Gold";
TH118102;4891;15;542;Review;
TH118201;4892;351;443;"Silver Vinyl";
TH118301;4893;32;543;"Review 3";
TH118401;4894;35;543;"Review 3";
TH118501;4895;35;438;"Gloss White Vinyl";
TH118601;4896;11;542;Review;
TH118701;4897;11;542;Review;
TH118702;4898;24;542;Review;
TH118703;4899;20;542;Review;
TH118704;4900;19;542;Review;
TH118705;4901;17;542;Review;
TH118706;4902;30;542;Review;
TH118707;4903;20;542;Review;
TH118708;4904;42;542;Review;
TH118709;4905;17;542;Review;
TH118710;4906;10;542;Review;
TH118711;4907;32;540;Review;
TH118712;4908;36;542;Review;
TH130001;4909;58;438;"Gloss White Vinyl";
TH130002;4910;12;542;Review;
TH131201;4911;21;543;"Review 3";
TH131301;4912;145;542;Review;
TH131401;4913;124;542;Review;
TH131501;4914;24;649;"Rigid Clear";
TH131601;4915;24;426;"Ravage Clear Vinyl";
TH131701;4916;45;650;"Rigid Clear";
TH131801;4917;24;542;Review;
TH131901;4918;13;649;"Rigid Clear";
TH132001;4919;50;542;Review;
TH132101;4920;10;542;Review;
TH132201;4921;5;426;"Ravage Clear Vinyl";
TH132301;4922;18;426;"Ravage Clear Vinyl";
TH132401;4923;230;426;"Ravage Clear Vinyl";
TH132501;4924;5022;426;"Ravage Clear Vinyl";
TH132601;4925;123;426;"Ravage Clear Vinyl";
TH132701;4926;11;426;"Ravage Clear Vinyl";
TH132801;4927;116;649;"Rigid Clear";
TH132901;4928;15;649;"Rigid Clear";
TH133001;4929;60;649;"Rigid Clear";
TH133101;4930;53;649;"Rigid Clear";
TH133201;4931;13;649;"Rigid Clear";
TH133301;4932;55;649;"Rigid Clear";
TH133401;4933;15;649;"Rigid Clear";
TH133501;4934;18;649;"Rigid Clear";
TH133601;4935;27;649;"Rigid Clear";
TH133701;4936;16;649;"Rigid Clear";
TH133801;4937;55;649;"Rigid Clear";
TH133901;4938;12;650;"Rigid Clear";
TH134001;4939;20;650;"Rigid Clear";
TH134101;4940;32;650;"Rigid Clear";
TH134201;4941;28;650;"Rigid Clear";
TH134301;4942;9;650;"Rigid Clear";
TH134401;4943;24;650;"Rigid Clear";
TH134501;4944;15;650;"Rigid Clear";
TH134601;4945;7;428;"Micro Gold";
TH134701;4946;23;649;"Rigid Clear";
TH134901;4947;39;649;"Rigid Clear";
RERALG01;4948;40;542;Review;
TH225001;4949;32;543;"Review 3";
TH225002;4950;26;663;"OLD HOLOGRAPHIC";
TH225401;4951;12;542;Review;
TH225402;4952;10;542;Review;
TH225403;4953;27;663;"OLD HOLOGRAPHIC";
TH225404;4954;66;441;"Review 2";
RERALI01;4955;39;543;"Review 3";
RERALI02;4956;109;439;"Matte Clear Vinyl";
TH19L101;4957;13;542;Review;
TH19L102;4958;11;441;"Review 2";
TH19H901;4959;38;440;"OLD Matte White Vinyl";
TH19H902;4960;32;543;"Review 3";
TH19H903;4961;42;437;"Gloss Clear Vinyl";
TH19H904;4962;23;411;Holographic;
TH19H905;4963;93;440;"OLD Matte White Vinyl";
TH175701;4964;13;540;Review;
TH175702;4965;21;540;Review;
TH191401;4966;18;542;Review;
TH191402;4967;40;441;"Review 2";
TH218401;4968;23;542;Review;
TH218402;4969;53;415;"Matte Black Vinyl";
TH160101;4970;19;423;"Removable White Vinyl";
TH160201;4971;12;540;Review;
TH160301;4972;19;543;"Review 3";
TH160302;4973;194;438;"Gloss White Vinyl";
TH160401;4974;46;542;Review;
TH160402;4975;17;542;Review;
TH160403;4976;72;421;"Red Vinyl";
TH160501;4977;59;441;"Review 2";
TH160502;4978;35;403;"2F3 Brushed Silver";
TH160503;4979;15;438;"Gloss White Vinyl";
TH160601;4980;13;540;Review;
TH160701;4981;32;438;"Gloss White Vinyl";
TH160702;4982;10;438;"Gloss White Vinyl";
TH160801;4983;9;438;"Gloss White Vinyl";
TH160802;4984;25;542;Review;
TH160803;4985;25;421;"Red Vinyl";
TH160901;4986;73;433;"Review 2";
TH195701;4987;18;542;Review;
TH161001;4988;65;541;"Review 3";
TH161002;4989;15;438;"Gloss White Vinyl";
TH161101;4990;12;540;Review;
TH161201;4991;28;541;"Review 3";
TH161301;4992;25;540;Review;
TH161401;4993;13;542;Review;
TH161501;4994;20;540;Review;
TH161502;4995;40;438;"Gloss White Vinyl";
TH161601;4996;10;542;Review;
TH161602;4997;44;438;"Gloss White Vinyl";
TH161701;4998;23;540;Review;
TH161702;4999;61;438;"Gloss White Vinyl";
TH161801;5000;34;540;Review;
TH161802;5001;10;398;"White Frost";
TH162501;5002;9;433;"Review 2";
TH162601;5003;11;542;Review;
TH162701;5004;38;433;"Review 2";
TH162801;5005;29;540;Review;
TH162901;5006;35;541;"Review 3";
TH163001;5007;53;433;"Review 2";
TH163101;5008;23;441;"Review 2";
TH163201;5009;92;540;Review;
TH163202;5010;28;437;"Gloss Clear Vinyl";
TH163301;5011;12;541;"Review 3";
TH163401;5012;32;541;"Review 3";
TH163501;5013;14;541;"Review 3";
TH163601;5014;11;433;"Review 2";
TH163701;5015;17;540;Review;
TH163801;5016;19;433;"Review 2";
TH163901;5017;10;541;"Review 3";
TH164001;5018;55;541;"Review 3";
TH164101;5019;50;543;"Review 3";
TH164102;5020;46;433;"Review 2";
TH170001;5021;10;441;"Review 2";
TH170002;5022;15;438;"Gloss White Vinyl";
TH170101;5023;15;441;"Review 2";
TH170102;5024;47;429;"Gloss Clear Vinyl";
TH170201;5025;53;543;"Review 3";
TH170301;5026;10;543;"Review 3";
TH170401;5027;114;433;"Review 2";
TH170501;5028;13;542;Review;
TH170701;5029;14;541;"Review 3";
TH170801;5030;16;540;Review;
TH170901;5031;27;540;Review;
TH170902;5032;12;540;Review;
TH170903;5033;21;429;"Gloss Clear Vinyl";
TH170904;5034;58;438;"Gloss White Vinyl";
TH171001;5035;27;441;"Review 2";
TH171002;5036;13;441;"Review 2";
TH171003;5037;30;429;"Gloss Clear Vinyl";
TH171101;5038;15;541;"Review 3";
TH171201;5039;11;543;"Review 3";
TH171202;5040;13;437;"Gloss Clear Vinyl";
TH171301;5041;13;441;"Review 2";
TH171401;5042;11;541;"Review 3";
TH171501;5043;17;543;"Review 3";
TH171601;5044;40;542;Review;
TH224101;5045;29;663;"OLD HOLOGRAPHIC";
TH224102;5046;54;543;"Review 3";
TH171701;5047;32;543;"Review 3";
TH171702;5048;41;433;"Review 2";
TH171703;5049;14;541;"Review 3";
TH171704;5050;17;429;"Gloss Clear Vinyl";
TH171801;5051;3;360;LabelsGO;
TH171802;5052;0;360;LabelsGO;
TH171901;5053;91;433;"Review 2";
TH172001;5054;14;540;Review;
TH191601;5055;18;433;"Review 2";
TH191602;5056;55000;441;"Review 2";
TH228101;5057;69;437;"Gloss Clear Vinyl";
TH228102;5058;10;543;"Review 3";
TH228103;5059;40;542;Review;
TH172101;5060;11;543;"Review 3";
TH172201;5061;16;543;"Review 3";
TH172301;5062;14;403;"2F3 Brushed Silver";
TH172401;5063;19;429;"Gloss Clear Vinyl";
TH172402;5064;72;433;"Review 2";
TH172501;5065;14;441;"Review 2";
TH172502;5066;55;429;"Gloss Clear Vinyl";
TH172601;5067;25;441;"Review 2";
TH172701;5068;14;403;"2F3 Brushed Silver";
TH172801;5069;13;441;"Review 2";
TH172802;5070;19;437;"Gloss Clear Vinyl";
TH172901;5071;13;543;"Review 3";
TH173001;5072;22;433;"Review 2";
TH173101;5073;15;438;"Gloss White Vinyl";
TH173102;5074;12;542;Review;
TH173201;5075;30;543;"Review 3";
TH173301;5076;17;433;"Review 2";
TH173401;5077;31;433;"Review 2";
TH173501;5078;31;543;"Review 3";
TH173502;5079;25;429;"Gloss Clear Vinyl";
TH173601;5080;26;441;"Review 2";
TH173602;5081;19;429;"Gloss Clear Vinyl";
TH173701;5082;29;403;"2F3 Brushed Silver";
TH173801;5083;15;403;"2F3 Brushed Silver";
TH173802;5084;10;403;"2F3 Brushed Silver";
TH173901;5085;17;441;"Review 2";
TH174001;5086;20;433;"Review 2";
TH174101;5087;23;543;"Review 3";
TH174201;5088;18;403;"2F3 Brushed Silver";
TH174202;5089;14;469;"Purple Vinyl";
TH174301;5090;15;542;Review;
TH174401;5091;25;453;"2F3 Brushed Silver";
TH174501;5092;12;542;Review;
TH174601;5093;11;543;"Review 3";
TH174602;5094;12;429;"Gloss Clear Vinyl";
TH174701;5095;25;542;Review;
TH174702;5096;21;429;"Gloss Clear Vinyl";
TH174801;5097;41;541;"Review 3";
TH175001;5099;53;540;Review;
TH175101;5100;13;441;"Review 2";
TH175102;5101;95;426;"Ravage Clear Vinyl";
TH175201;5102;10;543;"Review 3";
TH175202;5103;27;437;"Gloss Clear Vinyl";
TH175301;5104;47;433;"Review 2";
TH175401;5105;23;542;Review;
TH175402;5106;11;433;"Review 2";
TH175501;5107;11;540;Review;
RERALX01;5109;31;543;"Review 3";
TH175601;5110;12;541;"Review 3";
RERALX02;5111;23;543;"Review 3";
RERALX03;5112;28;443;"Silver Vinyl";
TH175801;5114;16;542;Review;
TH175802;5115;91;404;7905;
TH175901;5116;32;433;"Review 2";
TH175902;5117;86;429;"Gloss Clear Vinyl";
TH176001;5118;28;433;"Review 2";
TH176002;5119;18;429;"Gloss Clear Vinyl";
TH176101;5120;11;540;Review;
TH176201;5121;13;403;"2F3 Brushed Silver";
TH176301;5122;21;543;"Review 3";
TH194501;5123;25;429;"Gloss Clear Vinyl";
TH194502;5124;19;541;"Review 3";
TH194503;5125;42;406;Blockout;
TH176401;5126;16;541;"Review 3";
TH176501;5127;42;433;"Review 2";
TH176601;5128;22;433;"Review 2";
TH176701;5129;13;541;"Review 3";
TH176702;5130;14;540;Review;
TH176703;5131;19;437;"Gloss Clear Vinyl";
TH176801;5132;12;543;"Review 3";
TH176901;5133;45;433;"Review 2";
TH176902;5134;40;441;"Review 2";
TH180001;5135;53;433;"Review 2";
TH183301;5136;19;649;"Rigid Clear";
TH202601;5137;15;403;"2F3 Brushed Silver";
TH202602;5138;30;426;"Ravage Clear Vinyl";
TH19E601;5139;40;542;Review;
TH190201;5140;36;543;"Review 3";
TH183401;5141;102;543;"Review 3";
TH185401;5142;68;543;"Review 3";
TH185501;5143;73;433;"Review 2";
TH185601;5144;27;433;"Review 2";
TH185701;5145;42;433;"Review 2";
TH185801;5146;19;433;"Review 2";
TH185802;5147;45;421;"Red Vinyl";
TH190001;5148;11;543;"Review 3";
TH190101;5149;18;540;Review;
TH190301;5150;35;433;"Review 2";
TH190302;5151;19;438;"Gloss White Vinyl";
TH190401;5152;15;441;"Review 2";
TH190501;5153;14;441;"Review 2";
TH190502;5154;11;543;"Review 3";
TH190503;5155;33;433;"Review 2";
TH190504;5156;15;433;"Review 2";
TH190601;5157;10;543;"Review 3";
TH190602;5158;17;543;"Review 3";
TH190701;5159;37;543;"Review 3";
TH190801;5160;20;543;"Review 3";
TH190901;5161;35;542;Review;
TH191001;5162;21;541;"Review 3";
TH191002;5163;46;543;"Review 3";
TH191101;5164;14;540;Review;
TH191102;5165;118;429;"Gloss Clear Vinyl";
TH191201;5166;241;426;"Ravage Clear Vinyl";
TH191202;5167;24;441;"Review 2";
TH191203;5168;51;437;"Gloss Clear Vinyl";
TH191204;5169;41;542;Review;
TH191301;5170;805;426;"Ravage Clear Vinyl";
TH191302;5171;29;542;Review;
TH191303;5172;24;437;"Gloss Clear Vinyl";
TH191501;5173;15;543;"Review 3";
TH191801;5174;10;441;"Review 2";
TH191802;5175;185;433;"Review 2";
TH191803;5176;36;429;"Gloss Clear Vinyl";
TH192601;5177;44;542;Review;
TH192602;5178;43;437;"Gloss Clear Vinyl";
TH192603;5179;86;421;"Red Vinyl";
TH192701;5180;19;543;"Review 3";
TH192801;5181;9;427;"Ravage White Vinyl";
TH192802;5182;79;540;Review;
TH192803;5183;17;543;"Review 3";
TH192804;5184;28;543;"Review 3";
TH192901;5185;20;433;"Review 2";
TH193001;5186;14;543;"Review 3";
TH193002;5187;17;543;"Review 3";
TH193003;5188;11;441;"Review 2";
TH193101;5189;14;441;"Review 2";
TH193102;5190;31;429;"Gloss Clear Vinyl";
TH193201;5191;23;541;"Review 3";
TH193301;5192;138;441;"Review 2";
TH193302;5193;93;429;"Gloss Clear Vinyl";
TH193401;5194;15;441;"Review 2";
TH193402;5195;46;429;"Gloss Clear Vinyl";
TH193501;5196;47;542;Review;
TH193502;5197;22;436;"Micro Gold";
TH193601;5198;22;543;"Review 3";
TH193701;5199;34;543;"Review 3";
TH193801;5200;14;443;"Silver Vinyl";
TH193901;5201;32;441;"Review 2";
TH193902;5202;16;542;Review;
TH194001;5203;17;441;"Review 2";
TH194002;5204;16;433;"Review 2";
TH194101;5205;21;542;Review;
TH194102;5206;19;441;"Review 2";
TH194201;5207;13;436;"Micro Gold";
TH194301;5208;13;436;"Micro Gold";
TH194401;5209;19;627;"Macro Gold";
TH194402;5210;8;627;"Macro Gold";
TH194601;5211;16;540;Review;
TH194602;5212;20;429;"Gloss Clear Vinyl";
TH194701;5213;25;543;"Review 3";
TH194702;5214;22;437;"Gloss Clear Vinyl";
TH194801;5215;59;433;"Review 2";
TH194901;5216;21;433;"Review 2";
TH195001;5217;13;542;Review;
TH195002;5218;24;429;"Gloss Clear Vinyl";
TH195101;5219;10;540;Review;
TH195201;5220;14;541;"Review 3";
TH195301;5221;32;543;"Review 3";
TH195401;5223;37;542;Review;
TH195402;5224;15;429;"Gloss Clear Vinyl";
TH195403;5225;25;443;"Silver Vinyl";
TH195501;5226;21;433;"Review 2";
TH195601;5227;13;441;"Review 2";
TH195602;5228;24;429;"Gloss Clear Vinyl";
TH195801;5229;56;433;"Review 2";
TH195901;5231;21;441;"Review 2";
TH195902;5232;16;436;"Micro Gold";
TH196001;5233;31;459;"Gloss Black Vinyl";
TH196002;5234;45;411;Holographic;
TH196101;5235;78;541;"Review 3";
TH196201;5236;11;542;Review;
TH196301;5237;18;543;"Review 3";
TH196401;5238;12;542;Review;
TH196501;5239;11;441;"Review 2";
TH196502;5240;26;429;"Gloss Clear Vinyl";
TH196601;5241;42;542;Review;
TH196701;5242;32;540;Review;
TH196801;5243;54;429;"Gloss Clear Vinyl";
TH196901;5244;10;543;"Review 3";
TH197001;5245;47;443;"Silver Vinyl";
TH197002;5246;24;431;"Matte Clear Vinyl";
TH197101;5247;35;542;Review;
TH197102;5248;20;436;"Micro Gold";
TH197201;5249;13;542;Review;
TH19F401;5250;19;543;"Review 3";
TH19F402;5251;19;543;"Review 3";
TH205801;5252;12;540;Review;
TH205802;5253;145;437;"Gloss Clear Vinyl";
TH205803;5254;76;398;"White Frost";
TH197301;5255;12;542;Review;
TH197302;5256;10;543;"Review 3";
TH197303;5257;20;437;"Gloss Clear Vinyl";
TH197401;5258;19;441;"Review 2";
TH197402;5259;16;459;"Gloss Black Vinyl";
TH197501;5260;11;441;"Review 2";
TH197601;5261;16;441;"Review 2";
TH197602;5262;40;437;"Gloss Clear Vinyl";
TH197701;5263;29;542;Review;
TH197801;5264;32;543;"Review 3";
TH197802;5265;43;438;"Gloss White Vinyl";
TH228001;5266;16;542;Review;
TH228002;5267;12;663;"OLD HOLOGRAPHIC";
TH228003;5268;95;543;"Review 3";
TH197901;5270;14;543;"Review 3";
TH197902;5271;21;429;"Gloss Clear Vinyl";
TH198001;5272;16;543;"Review 3";
TH198101;5273;16;543;"Review 3";
TH198201;5274;35;396;Sheets;
TH198301;5275;26;540;Review;
TH198302;5276;96;443;"Silver Vinyl";
TH198303;5277;13;436;"Micro Gold";
TH198304;5278;30;429;"Gloss Clear Vinyl";
TH198401;5279;80;542;Review;
TH198402;5280;11;429;"Gloss Clear Vinyl";
TH198501;5281;21;441;"Review 2";
TH198701;5282;62;443;"Silver Vinyl";
TH198702;5283;42;437;"Gloss Clear Vinyl";
TH198801;5284;72;441;"Review 2";
TH198802;5285;15;429;"Gloss Clear Vinyl";
TH198901;5286;17;543;"Review 3";
TH198902;5287;16;429;"Gloss Clear Vinyl";
TH199001;5288;19;543;"Review 3";
TH199002;5289;13;436;"Micro Gold";
TH199101;5290;11;543;"Review 3";
TH199102;5291;47;409;"Gloss Black Vinyl";
TH199201;5292;68;433;"Review 2";
TH199202;5293;10;429;"Gloss Clear Vinyl";
TH199301;5294;10;441;"Review 2";
TH199302;5295;72;429;"Gloss Clear Vinyl";
TH199401;5296;25;433;"Review 2";
TH199402;5297;20;429;"Gloss Clear Vinyl";
TH199403;5298;28;453;"2F3 Brushed Silver";
TH199501;5299;26;441;"Review 2";
TH199601;5300;22;543;"Review 3";
TH199602;5301;13;429;"Gloss Clear Vinyl";
TH199603;5302;15;459;"Gloss Black Vinyl";
TH199701;5303;20;543;"Review 3";
TH199702;5304;75;439;"Matte Clear Vinyl";
TH199801;5305;14;433;"Review 2";
TH199901;5306;13;441;"Review 2";
TH19A101;5307;17;543;"Review 3";
TH19A102;5308;17;429;"Gloss Clear Vinyl";
TH19A201;5309;14;441;"Review 2";
TH19A301;5310;12;542;Review;
TH19A401;5311;20;542;Review;
TH223301;5312;74;663;"OLD HOLOGRAPHIC";
TH223302;5313;10;542;Review;
TH19A701;5315;17;540;Review;
TH227201;5316;10;542;Review;
TH227202;5317;11;663;"OLD HOLOGRAPHIC";
TH227203;5318;116;543;"Review 3";
TH19A801;5319;19;542;Review;
TH19A802;5320;15;429;"Gloss Clear Vinyl";
TH19A803;5321;17;426;"Ravage Clear Vinyl";
TH19B101;5322;17;433;"Review 2";
TH19B201;5323;14;441;"Review 2";
TH19B301;5324;36;441;"Review 2";
TH19B401;5325;15;542;Review;
TH19B501;5326;15;543;"Review 3";
TH19B502;5327;22;429;"Gloss Clear Vinyl";
TH19B601;5328;17;543;"Review 3";
TH19B602;5329;23;542;Review;
TH19B701;5330;14;542;Review;
TH19B702;5331;12;542;Review;
TH19B801;5332;13;542;Review;
TH19B802;5333;26;443;"Silver Vinyl";
TH19B901;5334;50;433;"Review 2";
TH19C401;5335;41;542;Review;
TH19C402;5336;18;542;Review;
TH19C501;5337;26;543;"Review 3";
TH19C501;5338;76;470;"Red Vinyl";
TH19C601;5339;11;542;Review;
TH19C602;5340;27;429;"Gloss Clear Vinyl";
TH19C701;5341;53;541;"Review 3";
TH19C702;5342;6;404;7905;
TH19C801;5343;10;441;"Review 2";
TH19C802;5344;14;429;"Gloss Clear Vinyl";
TH19C901;5345;14;542;Review;
TH19D101;5346;18;543;"Review 3";
TH19D201;5347;13;433;"Review 2";
TH19D202;5348;27;429;"Gloss Clear Vinyl";
TH19D401;5349;45;542;Review;
TH19D402;5350;25;431;"Matte Clear Vinyl";
TH19D701;5351;72;542;Review;
TH19D801;5352;39;543;"Review 3";
TH19D901;5353;12;540;Review;
TH19D902;5354;28;429;"Gloss Clear Vinyl";
TH19E001;5355;13;433;"Review 2";
TH19E101;5356;39;441;"Review 2";
TH19E201;5357;64;542;Review;
TH19E301;5358;26;541;"Review 3";
TH19E302;5359;20;429;"Gloss Clear Vinyl";
TH19E401;5360;21;441;"Review 2";
TH19E402;5361;63;443;"Silver Vinyl";
TH19E501;5362;22;543;"Review 3";
TH19E502;5363;0;426;"Ravage Clear Vinyl";
TH19E701;5364;13;542;Review;
TH19E801;5365;15;441;"Review 2";
TH19E901;5366;12;542;Review;
TH19E902;5367;29;433;"Review 2";
TH19F001;5368;11;441;"Review 2";
TH19F101;5369;9;625;"Micro Chrome";
TH19F201;5370;12;543;"Review 3";
TH19F301;5371;18;441;"Review 2";
TH19F302;5372;17;426;"Ravage Clear Vinyl";
TH19F501;5373;35;481;"Black Vinyl";
TH19F502;5374;30;441;"Review 2";
TH19F601;5375;14;542;Review;
TH19F602;5376;16;429;"Gloss Clear Vinyl";
TH19F701;5377;24;543;"Review 3";
TH19F801;5378;62;542;Review;
TH19F802;5379;49;439;"Matte Clear Vinyl";
TH19F803;5380;200;416;"Matte Dark Grey Vinyl";
TH19F901;5381;12;542;Review;
TH19F902;5382;20;439;"Matte Clear Vinyl";
TH19F903;5383;107;416;"Matte Dark Grey Vinyl";
TH19G101;5384;43;542;Review;
TH19G102;5385;34;542;Review;
TH19G103;5386;12;437;"Gloss Clear Vinyl";
TH19G301;5387;33;542;Review;
TH19G401;5388;15;543;"Review 3";
TH19G402;5389;18;441;"Review 2";
TH19G403;5390;11;543;"Review 3";
TH19G501;5391;20;441;"Review 2";
TH19G502;5392;24;429;"Gloss Clear Vinyl";
TH19G601;5393;10;625;"Micro Chrome";
TH19G602;5394;76;542;Review;
TH19G701;5395;24;543;"Review 3";
TH19G801;5396;20;541;"Review 3";
TH19G802;5397;12;540;Review;
THXXX201;5398;52;543;"Review 3";
TH220001;5399;83;663;"OLD HOLOGRAPHIC";
TH220002;5400;13;543;"Review 3";
TH220003;5401;27;437;"Gloss Clear Vinyl";
TH19H101;5402;22;543;"Review 3";
TH19H102;5403;27;437;"Gloss Clear Vinyl";
TH19H201;5404;38;441;"Review 2";
TH19H301;5405;51;542;Review;
TH19H401;5406;13;543;"Review 3";
TH19H402;5407;38;439;"Matte Clear Vinyl";
TH19H501;5408;10;542;Review;
TH19H502;5409;10;543;"Review 3";
TH19H701;5410;23;542;Review;
TH19H702;5411;15;543;"Review 3";
TH19H801;5412;11;542;Review;
TH19J001;5413;10;542;Review;
TH19J002;5414;16;542;Review;
TH19J101;5415;20;542;Review;
TH19J201;5416;11;543;"Review 3";
TH19J301;5417;11;542;Review;
TH19J401;5418;43;543;"Review 3";
TH19J501;5419;86;540;Review;
TH19J502;5420;45;540;Review;
TH19J601;5421;15;542;Review;
TH19J602;5422;49;542;Review;
TH19J603;5423;24;542;Review;
TH19J701;5425;16;543;"Review 3";
TH19J702;5426;83;409;"Gloss Black Vinyl";
TH19J801;5427;101;433;"Review 2";
TH19J901;5428;54;542;Review;
TH19K001;5430;24;541;"Review 3";
TH19K002;5431;31;443;"Silver Vinyl";
TH19K003;5432;36;437;"Gloss Clear Vinyl";
TH218501;5433;34;542;Review;
TH19K101;5434;10;542;Review;
TH19K102;5435;18;542;Review;
TH19K201;5436;16;542;Review;
TH19K202;5437;14;543;"Review 3";
TH19K301;5439;12;542;Review;
TH19K302;5440;17;443;"Silver Vinyl";
TH19K401;5441;80;542;Review;
TH19K501;5442;11;441;"Review 2";
TH19K601;5443;17;433;"Review 2";
TH19K602;5444;17;443;"Silver Vinyl";
TH19K603;5445;21;443;"Silver Vinyl";
TH19K701;5446;11;541;"Review 3";
TH19K702;5447;24;441;"Review 2";
TH19K901;5448;21;543;"Review 3";
TH19K902;5449;43;542;Review;
TH19K903;5450;16;542;Review;
TH19L001;5451;16;542;Review;
TH19L002;5452;153;441;"Review 2";
TH19L201;5453;23;543;"Review 3";
TH19L202;5454;55;543;"Review 3";
TH19L203;5455;13;441;"Review 2";
TH19L301;5456;31;435;"Silver Vinyl";
TH19L302;5457;26;423;"Removable White Vinyl";
TH19L303;5458;12;470;"Red Vinyl";
TH19L304;5459;66;437;"Gloss Clear Vinyl";
TH19L305;5460;30;423;"Removable White Vinyl";
TH19L401;5461;53;542;Review;
TH19L402;5462;24;437;"Gloss Clear Vinyl";
TH19L403;5463;99;437;"Gloss Clear Vinyl";
TH19L501;5464;22;443;"Silver Vinyl";
TH19L502;5465;23;443;"Silver Vinyl";
TH19L503;5466;35;421;"Red Vinyl";
TH19L504;5467;40;437;"Gloss Clear Vinyl";
TH19L505;5468;22;443;"Silver Vinyl";
TH19L506;5469;11;437;"Gloss Clear Vinyl";
TH19L601;5470;11;542;Review;
TH19L602;5471;23;542;Review;
TH19L603;5472;23;543;"Review 3";
TH19L701;5475;10;543;"Review 3";
TH19L702;5476;32;441;"Review 2";
TH19L703;5477;33;441;"Review 2";
TH19L801;5478;32;542;Review;
TH19L802;5479;10;542;Review;
TH19L901;5480;22;542;Review;
TH19L902;5481;79;543;"Review 3";
TH19M001;5482;23;542;Review;
TH19M002;5483;13;437;"Gloss Clear Vinyl";
TH19M101;5484;22;542;Review;
TH19M102;5485;33;542;Review;
TH19M501;5486;15;543;"Review 3";
TH19M502;5487;29;543;"Review 3";
TH19M601;5488;12;542;Review;
TH19M602;5489;104;441;"Review 2";
TH200101;5490;21;433;"Review 2";
TH200201;5491;18;433;"Review 2";
TH200301;5492;42;542;Review;
TH200302;5493;21;438;"Gloss White Vinyl";
TH200401;5494;13;542;Review;
TH200501;5495;22;542;Review;
TH200502;5496;52;409;"Gloss Black Vinyl";
TH200601;5497;20;437;"Gloss Clear Vinyl";
TH200602;5498;50;542;Review;
TH200603;5499;36;542;Review;
TH200701;5500;13;542;Review;
TH200702;5501;42;409;"Gloss Black Vinyl";
TH200703;5502;62;421;"Red Vinyl";
TH200801;5503;72;540;Review;
TH200901;5504;11;438;"Gloss White Vinyl";
TH200902;5505;32;542;Review;
TH201001;5506;28;433;"Review 2";
TH201002;5507;121;429;"Gloss Clear Vinyl";
TH201101;5508;68;542;Review;
TH201102;5509;50;437;"Gloss Clear Vinyl";
TH201201;5511;24;433;"Review 2";
TH201202;5512;108;437;"Gloss Clear Vinyl";
TH201301;5513;11;438;"Gloss White Vinyl";
TH201401;5514;80;542;Review;
TH201402;5515;11;437;"Gloss Clear Vinyl";
TH201501;5516;75;542;Review;
TH201502;5517;14;542;Review;
TH201601;5518;24;433;"Review 2";
TH201701;5519;19;433;"Review 2";
TH201901;5521;18;541;"Review 3";
TH202001;5522;36;433;"Review 2";
TH202101;5523;14;541;"Review 3";
TH202201;5524;10;543;"Review 3";
TH202301;5525;5;427;"Ravage White Vinyl";
TH202401;5526;63;437;"Gloss Clear Vinyl";
TH202501;5527;32;429;"Gloss Clear Vinyl";
TH202502;5528;35;443;"Silver Vinyl";
TH202701;5529;84;441;"Review 2";
TH202801;5530;22;433;"Review 2";
TH202802;5531;63;429;"Gloss Clear Vinyl";
TH202901;5532;66;433;"Review 2";
TH203001;5533;7;481;"Black Vinyl";
TH203101;5534;20;433;"Review 2";
TH203201;5535;73;441;"Review 2";
TH203301;5536;10;542;Review;
TH203401;5537;16;433;"Review 2";
TH203501;5538;78;542;Review;
TH203601;5539;30;433;"Review 2";
TH203701;5540;53;540;Review;
TH203801;5541;99;540;Review;
TH203802;5542;13;429;"Gloss Clear Vinyl";
TH203901;5543;18;433;"Review 2";
TH204001;5544;14;433;"Review 2";
TH204101;5545;14;542;Review;
TH204102;5546;139;409;"Gloss Black Vinyl";
TH204201;5548;18;542;Review;
TH204401;5549;26;542;Review;
TH204501;5550;13;429;"Gloss Clear Vinyl";
TH204502;5551;25;543;"Review 3";
TH204601;5552;11;543;"Review 3";
TH204701;5553;33;543;"Review 3";
TH204801;5554;11;542;Review;
TH204901;5555;30;542;Review;
TH205001;5556;35;433;"Review 2";
TH205002;5557;93;409;"Gloss Black Vinyl";
TH205101;5558;22;433;"Review 2";
TH205201;5559;40;542;Review;
TH205301;5560;21;441;"Review 2";
TH205302;5561;9;481;"Black Vinyl";
TH205401;5562;79;541;"Review 3";
TH205501;5563;12;441;"Review 2";
TH205601;5564;33;542;Review;
TH205602;5565;13;437;"Gloss Clear Vinyl";
TH205702;5567;13;429;"Gloss Clear Vinyl";
TH205901;5568;15;433;"Review 2";
TH206001;5569;11;469;"Purple Vinyl";
TH206002;5570;21;438;"Gloss White Vinyl";
TH206003;5571;27;438;"Gloss White Vinyl";
TH206004;5572;44;543;"Review 3";
TH206101;5573;23;429;"Gloss Clear Vinyl";
TH206102;5574;23;481;"Black Vinyl";
TH206201;5575;25;410;"Gold Paper";
TH206301;5576;155;433;"Review 2";
TH206302;5577;115;437;"Gloss Clear Vinyl";
TH206401;5578;12;542;Review;
TH206501;5579;34;433;"Review 2";
TH206601;5580;13;542;Review;
TH206701;5581;11;441;"Review 2";
TH206801;5582;37;433;"Review 2";
TH206802;5583;11;426;"Ravage Clear Vinyl";
TH206901;5584;12;481;"Black Vinyl";
TH206902;5585;106;542;Review;
TH207001;5586;14;542;Review;
TH207101;5587;32;540;Review;
TH207102;5588;35;438;"Gloss White Vinyl";
TH207201;5589;27;542;Review;
TH207202;5590;58;438;"Gloss White Vinyl";
TH207301;5591;32;433;"Review 2";
TH207401;5592;9;625;"Micro Chrome";
TH207501;5593;63;540;Review;
TH207701;5594;70;540;Review;
TH207702;5595;10;429;"Gloss Clear Vinyl";
TH207801;5596;34;540;Review;
TH208001;5597;87;541;"Review 3";
TH208101;5598;25;438;"Gloss White Vinyl";
TH208201;5599;36;433;"Review 2";
TH208301;5600;15;433;"Review 2";
TH208401;5601;18;541;"Review 3";
TH208402;5602;92;429;"Gloss Clear Vinyl";
TH208601;5603;26;433;"Review 2";
TH208701;5604;31;426;"Ravage Clear Vinyl";
TH208702;5605;37;438;"Gloss White Vinyl";
TH208801;5606;76;433;"Review 2";
TH208802;5607;14;437;"Gloss Clear Vinyl";
TH208901;5608;74;543;"Review 3";
TH208902;5609;11;426;"Ravage Clear Vinyl";
TH209001;5610;25;543;"Review 3";
TH209101;5611;14;433;"Review 2";
TH209102;5612;31;440;"OLD Matte White Vinyl";
TH209201;5613;48;540;Review;
TH209301;5614;17;433;"Review 2";
TH209501;5615;18;433;"Review 2";
TH209601;5616;87;433;"Review 2";
TH209701;5617;72;433;"Review 2";
TH209801;5618;17;542;Review;
TH209901;5619;33;453;"2F3 Brushed Silver";
TH210001;5620;10;542;Review;
TH210002;5621;34;414;"Light Grey Vinyl";
TH210101;5622;86;540;Review;
TH210201;5623;19;543;"Review 3";
TH210301;5624;15;542;Review;
TH210401;5625;13;540;Review;
TH210601;5627;12;541;"Review 3";
TH210701;5628;46;543;"Review 3";
TH210801;5629;47;542;Review;
TH210901;5630;62;438;"Gloss White Vinyl";
TH211001;5631;13;437;"Gloss Clear Vinyl";
TH211002;5632;29;426;"Ravage Clear Vinyl";
TH211101;5633;19;542;Review;
TH211201;5634;14;543;"Review 3";
TH211301;5635;45;433;"Review 2";
TH211401;5636;19;437;"Gloss Clear Vinyl";
TH211501;5637;19;433;"Review 2";
TH211601;5638;69;440;"OLD Matte White Vinyl";
RTSALN01;5639;35;542;Review;
RTSALN02;5640;19;443;"Silver Vinyl";
TH227401;5641;17;542;Review;
TH227402;5642;14;542;Review;
TH227403;5643;32;663;"OLD HOLOGRAPHIC";
TH227404;5644;36;542;Review;
TH227501;5645;21;543;"Review 3";
TH227502;5646;26;663;"OLD HOLOGRAPHIC";
TH227503;5647;19;543;"Review 3";
TH211701;5648;20;441;"Review 2";
TH212001;5649;14;429;"Gloss Clear Vinyl";
TH212201;5650;13;542;Review;
TH213201;5651;10;542;Review;
TH213202;5652;2;477;Parts;
TH214401;5654;34;542;Review;
TH214402;5655;53;543;"Review 3";
TH214501;5656;37;542;Review;
TH214601;5657;39;543;"Review 3";
TH214602;5658;85;443;"Silver Vinyl";
TH214701;5659;19;542;Review;
TH214702;5660;116;437;"Gloss Clear Vinyl";
TH214801;5661;24;543;"Review 3";
TH214802;5662;34;437;"Gloss Clear Vinyl";
TH214901;5663;18;542;Review;
TH214902;5664;16;429;"Gloss Clear Vinyl";
TH215001;5665;16;542;Review;
TH215101;5666;17;543;"Review 3";
TH215201;5667;19;438;"Gloss White Vinyl";
TH215202;5668;283;542;Review;
TH215301;5669;17;542;Review;
TH215302;5670;10;437;"Gloss Clear Vinyl";
TH215401;5671;56;543;"Review 3";
TH215402;5672;16;437;"Gloss Clear Vinyl";
TH215501;5673;25;543;"Review 3";
TH215701;5674;13;542;Review;
TH215801;5675;16;543;"Review 3";
TH215802;5676;30;437;"Gloss Clear Vinyl";
TH215803;5677;63;430;"Gloss White Vinyl";
TH215901;5678;79;440;"OLD Matte White Vinyl";
TH215902;5679;27;439;"Matte Clear Vinyl";
TH216001;5680;16;543;"Review 3";
TH216002;5681;113;409;"Gloss Black Vinyl";
TH216101;5682;9;625;"Micro Chrome";
TH216201;5683;20;542;Review;
TH216202;5684;49;433;"Review 2";
TH216301;5685;14;542;Review;
TH216302;5686;18;435;"Silver Vinyl";
TH216401;5688;52;540;Review;
TH216402;5689;50;433;"Review 2";
TH216501;5690;16;542;Review;
TH216601;5692;12;542;Review;
TH216602;5693;27;438;"Gloss White Vinyl";
TH216701;5694;13;542;Review;
TH216702;5695;41;438;"Gloss White Vinyl";
TH216801;5696;11;540;Review;
TH216901;5697;12;543;"Review 3";
TH217001;5698;10;542;Review;
TH217002;5699;13;438;"Gloss White Vinyl";
TH217101;5700;26;441;"Review 2";
TH217102;5701;24;429;"Gloss Clear Vinyl";
TH217201;5702;11;542;Review;
TH217301;5703;15;433;"Review 2";
TH217302;5704;29;464;"Matte Black Vinyl";
TH217501;5705;21;543;"Review 3";
TH217601;5706;14;543;"Review 3";
TH217701;5707;11;441;"Review 2";
TH217801;5708;24;541;"Review 3";
TH217901;5709;14;543;"Review 3";
TH218001;5710;15;543;"Review 3";
TH218101;5712;6;480;"Ravage Red Vinyl";
TH218102;5713;159;409;"Gloss Black Vinyl";
TH218201;5714;31;441;"Review 2";
TH218202;5715;76;429;"Gloss Clear Vinyl";
TH218301;5716;39;542;Review;
TH218601;5717;33;441;"Review 2";
TH218901;5718;9;625;"Micro Chrome";
TH218902;5719;57;540;Review;
TH219001;5720;36;433;"Review 2";
TH219101;5721;47;542;Review;
TH219201;5722;14;663;"OLD HOLOGRAPHIC";
TH219202;5723;11;542;Review;
TH219301;5724;28;663;"OLD HOLOGRAPHIC";
TH219302;5725;33;541;"Review 3";
TH219303;5726;102;542;Review;
TH219304;5727;92;437;"Gloss Clear Vinyl";
TH219401;5728;23;461;Holographic;
TH219402;5729;14;541;"Review 3";
TH219403;5730;60;443;"Silver Vinyl";
TH219501;5731;207;663;"OLD HOLOGRAPHIC";
TH219502;5733;40;542;Review;
TH219601;5734;27;663;"OLD HOLOGRAPHIC";
TH219602;5735;98;542;Review;
TH219701;5736;16;663;"OLD HOLOGRAPHIC";
TH219702;5737;81;542;Review;
TH219801;5738;45;540;Review;
TH219901;5739;55;433;"Review 2";
TH219902;5740;11;540;Review;
TH219Y01;5741;26;543;"Review 3";
TH219Z01;5742;21;461;Holographic;
TH219Z02;5743;23;542;Review;
TH220101;5744;24;541;"Review 3";
TH220201;5746;13;542;Review;
TH220202;5747;36;443;"Silver Vinyl";
TH220401;5748;11;542;Review;
TH220501;5749;33;540;Review;
TH220601;5750;18;541;"Review 3";
TH220701;5751;11;540;Review;
TH220702;5752;14;540;Review;
TH220801;5753;51;542;Review;
TH220901;5754;29;543;"Review 3";
TH221001;5755;19;542;Review;
TH221002;5756;17;542;Review;
TH221003;5757;20;542;Review;
TH221004;5758;28;663;"OLD HOLOGRAPHIC";
TH221101;5759;163;663;"OLD HOLOGRAPHIC";
TH221102;5760;12;543;"Review 3";
TH221201;5761;38;663;"OLD HOLOGRAPHIC";
TH221202;5762;25;542;Review;
TH221301;5763;92;436;"Micro Gold";
TH221302;5764;48;437;"Gloss Clear Vinyl";
TH221303;5765;16;543;"Review 3";
TH221304;5766;16;543;"Review 3";
TH221305;5767;48;663;"OLD HOLOGRAPHIC";
TH221401;5768;19;441;"Review 2";
TH221402;5769;12;436;"Micro Gold";
TH221403;5770;27;443;"Silver Vinyl";
TH221501;5773;17;542;Review;
TH221502;5774;24;542;Review;
TH221701;5775;50;663;"OLD HOLOGRAPHIC";
TH221702;5776;90;543;"Review 3";
TH221801;5777;12;542;Review;
TH221901;5778;44;441;"Review 2";
TH221902;5779;21;441;"Review 2";
TH222001;5780;39;542;Review;
TH222101;5781;58;436;"Micro Gold";
TH222102;5782;67;542;Review;
TH222201;5783;14;542;Review;
TH222202;5784;25;542;Review;
TH222203;5785;91;663;"OLD HOLOGRAPHIC";
TH222301;5787;65;663;"OLD HOLOGRAPHIC";
TH222302;5788;32;543;"Review 3";
TH222401;5789;12;542;Review;
TH222601;5791;12;542;Review;
TH222701;5792;35;542;Review;
TH222702;5793;23;543;"Review 3";
TH222901;5794;13;543;"Review 3";
TH223001;5795;72;543;"Review 3";
TH223101;5796;76;461;Holographic;
TH223102;5797;28;543;"Review 3";
TH223103;5798;27;543;"Review 3";
TH223201;5799;88;663;"OLD HOLOGRAPHIC";
TH223202;5800;14;543;"Review 3";
TH223401;5801;55;663;"OLD HOLOGRAPHIC";
TH223402;5802;63;542;Review;
TH223501;5803;120;663;"OLD HOLOGRAPHIC";
TH223502;5804;52;543;"Review 3";
TH223601;5805;16;663;"OLD HOLOGRAPHIC";
TH223602;5806;25;441;"Review 2";
TH223701;5808;66;543;"Review 3";
TH223801;5809;23;542;Review;
TH223802;5810;21;663;"OLD HOLOGRAPHIC";
TH223901;5811;98;663;"OLD HOLOGRAPHIC";
TH223902;5812;11;542;Review;
TH224201;5813;14;441;"Review 2";
TH224202;5814;11;543;"Review 3";
TH224203;5815;32;411;Holographic;
TH224301;5816;100;411;Holographic;
TH224302;5817;17;441;"Review 2";
TH224401;5818;75;433;"Review 2";
TH224501;5819;18;542;Review;
TH224502;5820;43;542;Review;
TH224503;5821;20;404;7905;
TH224701;5822;10;542;Review;
TH224702;5823;41;542;Review;
TH224901;5824;15;542;Review;
TH225101;5825;15;543;"Review 3";
TH225102;5826;14;429;"Gloss Clear Vinyl";
TH225103;5827;29;663;"OLD HOLOGRAPHIC";
TH225201;5828;12;542;Review;
TH225301;5829;14;542;Review;
TH225302;5830;17;435;"Silver Vinyl";
TH225501;5831;30;543;"Review 3";
TH225502;5832;30;663;"OLD HOLOGRAPHIC";
TH225503;5833;26;543;"Review 3";
TH225601;5834;30;543;"Review 3";
TH225602;5835;60;663;"OLD HOLOGRAPHIC";
TH225603;5836;14;542;Review;
TH225701;5837;43;542;Review;
TH225702;5838;28;541;"Review 3";
TH225703;5839;16;461;Holographic;
TH225704;5840;77;543;"Review 3";
TH225901;5841;20;540;Review;
TH225902;5842;66;441;"Review 2";
TH226001;5843;37;542;Review;
TH226002;5844;42;437;"Gloss Clear Vinyl";
TH226101;5845;10;542;Review;
TH226102;5846;10;542;Review;
TH226103;5847;14;543;"Review 3";
TH226104;5848;20;663;"OLD HOLOGRAPHIC";
TH226105;5849;19;543;"Review 3";
TH226106;5850;18;477;Parts;
TH226201;5851;91;443;"Silver Vinyl";
TH226202;5852;100;443;"Silver Vinyl";
TH226203;5853;49;439;"Matte Clear Vinyl";
TH226204;5854;11;431;"Matte Clear Vinyl";
TH226205;5855;46;439;"Matte Clear Vinyl";
TH226206;5856;32;542;Review;
TH226701;5857;18;542;Review;
TH226702;5859;29;663;"OLD HOLOGRAPHIC";
TH226801;5860;46;543;"Review 3";
TH226802;5861;33;663;"OLD HOLOGRAPHIC";
TH226803;5862;25;541;"Review 3";
TH226901;5863;11;542;Review;
TH226902;5864;23;663;"OLD HOLOGRAPHIC";
TH226903;5865;25;542;Review;
TH227001;5866;17;542;Review;
TH227002;5867;88;437;"Gloss Clear Vinyl";
TH227003;5868;52;663;"OLD HOLOGRAPHIC";
TH227004;5869;87;542;Review;
TH227101;5870;12;543;"Review 3";
TH227102;5871;104;663;"OLD HOLOGRAPHIC";
TH227103;5872;14;543;"Review 3";
TH227701;5873;10;542;Review;
TH227702;5874;38;542;Review;
TH227703;5875;36;542;Review;
TH227704;5876;18;441;"Review 2";
TH227901;5877;9;443;"Silver Vinyl";
TH227902;5879;31;663;"OLD HOLOGRAPHIC";
TH227903;5880;154;443;"Silver Vinyl";
TH240101;5881;11;543;"Review 3";
TH240102;5882;65;470;"Red Vinyl";
TH240103;5883;16;459;"Gloss Black Vinyl";
RERAMC01;5884;16;542;Review;
RERAMC02;5885;198;421;"Red Vinyl";
RERAMC03;5886;103;439;"Matte Clear Vinyl";
THM00011;5889;17;543;"Review 3";
THM00021;5890;12;542;Review;
THM00031;5891;31;542;Review;
THM00041;5892;25;543;"Review 3";
THM00051;5893;27;543;"Review 3";
THM00071;5894;9;542;Review;
THM00081;5895;17;543;"Review 3";
THM00091;5896;45;542;Review;
THM00092;5897;29;542;Review;
THM00093;5898;27;542;Review;
THV00101;5899;17;540;Review;
THV00102;5900;18;542;Review;
THV00103;5901;17;436;"Micro Gold";
THV00104;5902;57;438;"Gloss White Vinyl";
THV00201;5903;11;542;Review;
THV00202;5904;10;542;Review;
THV00203;5905;15;436;"Micro Gold";
THV00204;5906;59;438;"Gloss White Vinyl";
THV00301;5907;15;540;Review;
THV00302;5908;19;541;"Review 3";
THV00303;5909;26;443;"Silver Vinyl";
THV00304;5910;69;421;"Red Vinyl";
THV00501;5911;27;542;Review;
THV00502;5912;14;542;Review;
THV00503;5913;45;436;"Micro Gold";
THV00504;5914;17;443;"Silver Vinyl";
THXXX101;5915;30;543;"Review 3";
THXXX301;5916;14;661;"OLD Gold Chrome";
THXXX401;5917;43;411;Holographic;
TL000101;5918;28;438;"Gloss White Vinyl";
TL000201;5919;44;438;"Gloss White Vinyl";
TL000301;5920;29;438;"Gloss White Vinyl";
TL000401;5921;33;438;"Gloss White Vinyl";
TL000501;5922;30;438;"Gloss White Vinyl";
TL000601;5923;59;438;"Gloss White Vinyl";
TL000701;5924;61;438;"Gloss White Vinyl";
TL000801;5925;63;438;"Gloss White Vinyl";
TL000901;5926;28;438;"Gloss White Vinyl";
TL001001;5927;59;438;"Gloss White Vinyl";
TL001101;5928;43;438;"Gloss White Vinyl";
TL001201;5929;26;441;"Review 2";
TL001401;5931;62;441;"Review 2";
TL001501;5932;43;441;"Review 2";
TL001601;5933;65;441;"Review 2";
TL001701;5934;65;441;"Review 2";
TL001801;5935;64;441;"Review 2";
TL001901;5936;36;441;"Review 2";
TL002001;5937;63;441;"Review 2";
TL002101;5938;64;441;"Review 2";
TL002201;5939;67;441;"Review 2";
TL002301;5940;63;441;"Review 2";
TL002401;5941;54;441;"Review 2";
TL002501;5942;63;441;"Review 2";
TL002601;5943;65;441;"Review 2";
TL002701;5944;62;441;"Review 2";
TL002801;5945;66;441;"Review 2";
TRS00011;5946;27;542;Review;
VV000101;5947;27;411;Holographic;
VV000201;5948;25;411;Holographic;
VV000301;5949;23;411;Holographic;
VV000501;5950;27;411;Holographic;
VV000601;5951;63;411;Holographic;
VV000701;5952;53;411;Holographic;
VV000801;5953;21;411;Holographic;
VV000901;5954;102;411;Holographic;
VV001001;5955;24;411;Holographic;
VV001101;5956;43;411;Holographic;
VV001201;5957;45;411;Holographic;
RTSAL301;5959;25;443;"Silver Vinyl";
RTSAL302;5960;59;542;Review;
RTSAL303;5961;37;443;"Silver Vinyl";
RTSAL304;5962;42;426;"Ravage Clear Vinyl";
THF004A1;5963;4;477;Parts;
THF004A2;5964;26;543;"Review 3";
THF004B1;5965;9982;477;Parts;
THF004B2;5966;15;441;"Review 2";
RERALO01;5967;57;443;"Silver Vinyl";
RFTALP01;5968;34;543;"Review 3";
RFTALP02;5969;15;435;"Silver Vinyl";
RFTALP03;5970;11;429;"Gloss Clear Vinyl";
RERAMB01;5971;31;542;Review;
RERAMB02;5973;10;543;"Review 3";
RERAMB03;5975;12;542;Review;
RERAMB04;5976;22;438;"Gloss White Vinyl";
RERAMB05;5977;67;439;"Matte Clear Vinyl";
TH113702;5978;12;438;"Gloss White Vinyl";
TH131101;5979;262;542;Review;
TH191304;5980;13;542;Review;
RFTALQ01;5982;12;543;"Review 3";
RJBAL401;5983;16;543;"Review 3";
RJBAL402;5984;16;542;Review;
RJBAL403;5985;9;543;"Review 3";
RMSAL101;5986;22;443;"Silver Vinyl";
RMSAL102;5987;24;542;Review;
RMSAL103;5988;29;443;"Silver Vinyl";
ROXALS01;5989;15;625;"Micro Chrome";
ROXALS02;5990;58;437;"Gloss Clear Vinyl";
RTSALU01;5991;13;542;Review;
RTSALU02;5992;56;443;"Silver Vinyl";
RG1AL501;5993;120;443;"Silver Vinyl";
RTSALY01;5994;40;443;"Silver Vinyl";
RTSALY02;5995;12;542;Review;
RTSALY03;5996;98;542;Review;
RTRABN03;5997;17;543;"Review 3";
RFTABU06;5999;29;543;"Review 3";
RTCAAL04;6001;90;542;Review;
RERAL901;6002;19;405;Polylite;
RERAL902;6003;44;443;"Silver Vinyl";
RERAL903;6004;10;661;"OLD Gold Chrome";
RERAL904;6005;12;542;Review;
TH0M1902;6007;23;426;"Ravage Clear Vinyl";
TH207601;6008;59;426;"Ravage Clear Vinyl";
TH207602;6009;43;542;Review;
RG1AL701;6013;11;542;Review;
RG1AL702;6014;224;415;"Matte Black Vinyl";
THMX0021;6015;35;439;"Matte Clear Vinyl";
THMX0011;6016;17;439;"Matte Clear Vinyl";
RERAMBA1;6022;26;543;"Review 3";
RERAMB06;6023;19;647;"Matte Chrome Silver";
RERAMBX1;6024;68;441;"Review 2";
TAILFINB;6025;5013;477;Parts;
RGSAMP01;6027;14;542;Review;
RGSAMP02;6028;47;543;"Review 3";
RG1AL801;6054;28;542;Review;
RG1AL802;6055;16;542;Review;
RG1AL804;6057;15;542;Review;
RG1AL805;6058;32;542;Review;
RG1AL806;6059;102;542;Review;
RERAMR01;6062;21;443;"Silver Vinyl";
RERAMR02;6063;51;542;Review;
RFSAMD01;6065;32;438;"Gloss White Vinyl";
RFSAME01;6066;21;619;Avery;
RFSAMF01;6067;88;438;"Gloss White Vinyl";
RFSAMH01;6068;49;649;"Rigid Clear";
RFSAMG01;6069;14;619;Avery;
RFSAMI01;6070;23;649;"Rigid Clear";
RKFAMT01;6095;14;543;"Review 3";
RKFAMT02;6096;25;437;"Gloss Clear Vinyl";
RERAMU01;6097;24;440;"OLD Matte White Vinyl";
RERAMU02;6099;27;443;"Silver Vinyl";
RKFAMT03;6100;18;443;"Silver Vinyl";
RG1AL803;6108;10;542;Review;
RERAMW01;6110;12;542;Review;
RERAMW02;6111;23;443;"Silver Vinyl";
RERAMW03;6112;73;439;"Matte Clear Vinyl";
RERAMW04;6113;139;438;"Gloss White Vinyl";
RGSAMS01;6115;49;440;"OLD Matte White Vinyl";
RGSAMS02;6116;113;443;"Silver Vinyl";
RGSAMS03;6117;47;542;Review;
RG2AML01;6121;16;543;"Review 3";
RERAMK01;6122;71;443;"Silver Vinyl";
RERAMK02;6123;47;440;"OLD Matte White Vinyl";
RERAMK03;6124;112;415;"Matte Black Vinyl";
RGSAMX01;6127;26;625;"Micro Chrome";
RGSAMX02;6128;29;625;"Micro Chrome";
RERAMY01;6130;35;647;"Matte Chrome Silver";
RERAMY02;6131;1410;426;"Ravage Clear Vinyl";
RSSAM601;6134;31;443;"Silver Vinyl";
RSSAM602;6135;5009;440;"OLD Matte White Vinyl";
RSSAM603;6136;29;625;"Micro Chrome";
RSSAM604;6137;47;439;"Matte Clear Vinyl";
RERANC01;6141;68;543;"Review 3";
RERANC02;6142;195;439;"Matte Clear Vinyl";
RERAND01;6143;21;543;"Review 3";
RERANC03;6145;211;443;"Silver Vinyl";
RERAND03;6146;103;443;"Silver Vinyl";
RERAND04;6147;76;543;"Review 3";
RERAND02;6148;59;657;"MPP '25";
RNFANA01;6150;84;443;"Silver Vinyl";
RNFANA02;6151;162;438;"Gloss White Vinyl";
RNFANA03;6152;97;542;Review;
RERAMV01;6154;112;542;Review;
RERAMV02;6155;60;443;"Silver Vinyl";
RSSANB01;6157;20;542;Review;
RSSANB02;6158;21;542;Review;
RSSANB03;6159;64;443;"Silver Vinyl";
RERANE01;6165;46;542;Review;
RERANE02;6166;75;443;"Silver Vinyl";
RERANE03;6167;38;443;"Silver Vinyl";
RERANE04;6168;30;443;"Silver Vinyl";
RGSANG01;6169;52;542;Review;
RGSANG02;6170;110;439;"Matte Clear Vinyl";
RGSANG03;6171;89;443;"Silver Vinyl";
RGSANF01;6175;102;542;Review;
RGSANF02;6176;35;430;"Gloss White Vinyl";
RGSANF03;6177;28;443;"Silver Vinyl";
RGSANG04;6178;196;542;Review;
TH0022P4;6179;80;409;"Gloss Black Vinyl";
TH103704;6180;25;542;Review;
RERANI01;6182;23;542;Review;
RERANI02;6183;10;438;"Gloss White Vinyl";
RERANI03;6184;50;542;Review;
RERANI04;6185;145;443;"Silver Vinyl";
RSSANP01;6186;14;542;Review;
RKIANQ02;6193;12;542;Review;
RERAM701;6194;22;542;Review;
RKIANQ01;6195;17;438;"Gloss White Vinyl";
RGSANM01;6196;17;438;"Gloss White Vinyl";
RGSANM02;6197;61;443;"Silver Vinyl";
RNFANR01;6207;45;542;Review;
RNFANR02;6208;26;543;"Review 3";
RGSANQ01;6209;154;437;"Gloss Clear Vinyl";
RGSANQ02;6210;14;542;Review;
RGSANQ03;6211;29;438;"Gloss White Vinyl";
RGSANQ04;6212;12;543;"Review 3";
RNFANS01;6213;145;543;"Review 3";
RNFANS02;6214;42;542;Review;
RNFANS03;6215;18;543;"Review 3";
RNFANU01;6216;34;542;Review;
RNFANU02;6217;71;542;Review;
RNFANU03;6218;35;542;Review;
RNFANT01;6219;11;542;Review;
RNFANT02;6220;21;543;"Review 3";
RNFANV01;6221;62;542;Review;
RNFANV02;6222;76;542;Review;
RNFANV03;6223;102;543;"Review 3";
RNFANV04;6224;14;542;Review;
RSSANW01;6227;18;438;"Gloss White Vinyl";
RSSANW02;6228;21;542;Review;
RSSANW03;6229;12;443;"Silver Vinyl";
RSSANW04;6230;258;439;"Matte Clear Vinyl";
RERAN401;6232;51;443;"Silver Vinyl";
RERAN402;6233;39;542;Review;
RERAN403;6234;136;439;"Matte Clear Vinyl";
RHLANX01;6236;37;443;"Silver Vinyl";
RHLANX02;6237;32;542;Review;
RHLANX03;6238;33;479;"Golden Yellow Vinyl";
RHLANX04;6239;9;479;"Golden Yellow Vinyl";
RHLANX05;6240;49;657;"MPP '25";
91817P01;6243;16;438;"Gloss White Vinyl";
RERANL01;6244;27;542;Review;
RERANL02;6245;22;437;"Gloss Clear Vinyl";
RERAN601;6247;31;438;"Gloss White Vinyl";
RERAN602;6248;52;443;"Silver Vinyl";
RGSANO01;6250;11;441;"Review 2";
RGSANO02;6251;26;443;"Silver Vinyl";
RGSAN701;6253;47;542;Review;
RGSAN702;6254;33;443;"Silver Vinyl";
RGSAOA01;6256;83;542;Review;
RNFAN301;6258;60;438;"Gloss White Vinyl";
RNFAN302;6260;20;443;"Silver Vinyl";
RSSAOC01;6261;45;437;"Gloss Clear Vinyl";
RSSAOC02;6262;187;443;"Silver Vinyl";
RSSAOC03;6263;5020;421;"Red Vinyl";
RSSAM901;6268;37;542;Review;
RSSAM902;6269;60;439;"Matte Clear Vinyl";
RKIAN801;6272;10;542;Review;
RKIAN802;6273;16;439;"Matte Clear Vinyl";
RFHAN901;6275;61;542;Review;
RFHAN902;6276;218;443;"Silver Vinyl";
RERAOE01;6278;25;438;"Gloss White Vinyl";
RERAOE02;6279;12;625;"Micro Chrome";
RKIANY01;6281;103;543;"Review 3";
RKIANY02;6282;96;443;"Silver Vinyl";
RKIANY03;6283;271;421;"Red Vinyl";
RKIAN101;6285;9;405;Polylite;
RKIAN102;6286;29;543;"Review 3";
RKIAN103;6287;94;443;"Silver Vinyl";
RERAOV01;6289;9;625;"Micro Chrome";
RERAOV02;6290;7;443;"Silver Vinyl";
RERAOV03;6291;78;431;"Matte Clear Vinyl";
RERAOV04;6293;5040;464;"Matte Black Vinyl";
RSSANZ02;6295;495;443;"Silver Vinyl";
RSSANZ03;6296;104;437;"Gloss Clear Vinyl";
RSSANZ04;6297;289;421;"Red Vinyl";
RSSANZ05;6298;15;436;"Micro Gold";
RSSANZ06;6299;54;438;"Gloss White Vinyl";
RTEAN201;6301;9;438;"Gloss White Vinyl";
RTEAN202;6302;66;438;"Gloss White Vinyl";
RTEAN203;6303;81;443;"Silver Vinyl";
RTEAN204;6304;82;441;"Review 2";
RUPAOG01;6307;32;627;"Macro Gold";
RUPAOG02;6308;19;437;"Gloss Clear Vinyl";
RUPAOG03;6309;47;441;"Review 2";
RUPAOG04;6310;42;441;"Review 2";
RUPAOG05;6311;41;441;"Review 2";
RUPAOG06;6312;184;441;"Review 2";
RNFAOU01;6315;36;443;"Silver Vinyl";
RNFAOU02;6316;13;542;Review;
RERAOY01;6318;35;625;"Micro Chrome";
RERAOY02;6319;71;443;"Silver Vinyl";
RERAOY03;6320;270;415;"Matte Black Vinyl";
RGSAOW01;6323;104;438;"Gloss White Vinyl";
RGSAOW02;6324;49;542;Review;
RGSAOW03;6325;86;439;"Matte Clear Vinyl";
RERAO401;6327;78;405;Polylite;
RERAO402;6328;36;543;"Review 3";
RERAO403;6329;93;543;"Review 3";
RERAO501;6331;34;542;Review;
RERAO502;6332;119;443;"Silver Vinyl";
RERAO503;6333;104;415;"Matte Black Vinyl";
RSSAO201;6335;11;543;"Review 3";
RSSAO202;6336;5015;426;"Ravage Clear Vinyl";
RERANK01;6339;21;543;"Review 3";
RERANK02;6340;45;443;"Silver Vinyl";
RERANK03;6341;93;426;"Ravage Clear Vinyl";
RSSAOD01;6344;13;625;"Micro Chrome";
RSSAOD02;6345;51;625;"Micro Chrome";
RSSAOD03;6346;17;443;"Silver Vinyl";
RSSAOH01;6348;17;438;"Gloss White Vinyl";
RSSAOH02;6349;41;543;"Review 3";
RSSAOH03;6350;18;405;Polylite;
RSSAOH04;6351;11;443;"Silver Vinyl";
RKIAPE01;6353;46;443;"Silver Vinyl";
RSSAOT01;6357;89;503;"Mint Vinyl";
RSSAOT02;6358;22;438;"Gloss White Vinyl";
RKIAPB01;6360;30;542;Review;
RKIAOR01;6362;56;542;Review;
RKIAOR02;6363;109;405;Polylite;
RKIAOI01;6366;46;443;"Silver Vinyl";
RKIAOI02;6367;30;438;"Gloss White Vinyl";
RKIAOI03;6368;66;543;"Review 3";
RCRAPA01;6370;74;543;"Review 3";
RCRAPA02;6371;35;440;"OLD Matte White Vinyl";
RCRAPA03;6372;5213;649;"Rigid Clear";
RSSAPU01;6374;62;441;"Review 2";
RNFAO601;6376;10;542;Review;
RNFAO602;6377;35;542;Review;
RNFAO603;6378;58;443;"Silver Vinyl";
RNFAO604;6379;101;437;"Gloss Clear Vinyl";
RERAO801;6381;39;543;"Review 3";
RERAO802;6382;22;543;"Review 3";
RERAO803;6383;89;443;"Silver Vinyl";
RERAO901;6385;9;625;"Micro Chrome";
RERAO902;6386;276;697;"Opaque Matte White Vinyl";
RERAO903;6387;41;443;"Silver Vinyl";
RERAO904;6388;26;414;"Light Grey Vinyl";
RBBAPX01;6392;15;542;Review;
RBBAPX02;6393;100;443;"Silver Vinyl";
RBBAPW01;6395;57;542;Review;
RBBAPW02;6396;99;443;"Silver Vinyl";
RGSAPL01;6398;117;443;"Silver Vinyl";
RGSAPL02;6399;22;543;"Review 3";
RBBAPZ01;6401;19;542;Review;
RBBAPZ02;6402;52;405;Polylite;
RBBAPZ03;6403;108;443;"Silver Vinyl";
RBBAPV01;6405;27;416;"Matte Dark Grey Vinyl";
RBBAPV02;6406;16;433;"Review 2";
RBBAPV03;6407;180;443;"Silver Vinyl";
RBBAPV04;6408;457;411;Holographic;
RSSAPJ01;6410;5009;426;"Ravage Clear Vinyl";
RSSAPJ02;6411;12;543;"Review 3";
RSSAPJ03;6412;85;543;"Review 3";
RKIAOS01;6414;28;443;"Silver Vinyl";
RKIAOS02;6415;16;542;Review;
RKIAOS03;6416;15;542;Review;
RKIAON01;6418;31;443;"Silver Vinyl";
RKIAON02;6419;12;443;"Silver Vinyl";
RKIAOK01;6421;217;443;"Silver Vinyl";
RKIAOK02;6422;37;543;"Review 3";
RKIAQN01;6424;48;542;Review;
RKIAQN02;6425;11;542;Review;
RPRAPT01;6427;14;542;Review;
RPRAPT02;6428;26;443;"Silver Vinyl";
RPRAPT03;6429;25;421;"Red Vinyl";
RPRAPT04;6430;137;409;"Gloss Black Vinyl";
RPRAPT05;6431;48;438;"Gloss White Vinyl";
RPRAPT06;6432;52;426;"Ravage Clear Vinyl";
RGSAPM01;6435;19;542;Review;
RGSAPM02;6436;12;443;"Silver Vinyl";
RSSAPP01;6440;399;426;"Ravage Clear Vinyl";
RSSAPP02;6441;16;542;Review;
RSSAPP03;6442;11;415;"Matte Black Vinyl";
RGSAQA01;6444;30;443;"Silver Vinyl";
RGSAQA02;6445;29;542;Review;
RGSAQS01;6447;22;542;Review;
RGSAQS02;6448;15;542;Review;
RGSAQS03;6449;156;443;"Silver Vinyl";
RKIAQP01;6451;22;625;"Micro Chrome";
RKIAQP02;6452;93;405;Polylite;
RKIAQP03;6453;149;443;"Silver Vinyl";
RSSAQQ01;6456;121;438;"Gloss White Vinyl";
RSSAQQ02;6457;15;625;"Micro Chrome";
RKIAO301;6463;29;542;Review;
RKIAO302;6464;28;443;"Silver Vinyl";
RKIAO303;6465;17;479;"Golden Yellow Vinyl";
RKIAO304;6466;59;415;"Matte Black Vinyl";
RKIAPF01;6468;11;542;Review;
RKIAPF02;6469;19;542;Review;
RKIAPF03;6470;15;542;Review;
RKIAPF04;6471;17;542;Review;
RKIAPF05;6472;10;542;Review;
RKIAPF06;6473;18;542;Review;
RKIAPF07;6474;12;542;Review;
RKIAPF08;6475;21;439;"Matte Clear Vinyl";
RKIAPF09;6476;28;443;"Silver Vinyl";
TH111501;6478;40;443;"Silver Vinyl";
RKIAQY01;6479;11;543;"Review 3";
RKIAQY02;6480;193;421;"Red Vinyl";
RNFAQ101;6482;19;542;Review;
RNFAQ102;6483;26;542;Review;
RNFAQ103;6484;26;440;"OLD Matte White Vinyl";
RKIAOF01;6486;125;443;"Silver Vinyl";
RKIAOF02;6487;115;438;"Gloss White Vinyl";
RKIAOF03;6488;35;543;"Review 3";
RSSAPR01;6490;18;426;"Ravage Clear Vinyl";
RSSAPR02;6491;12;542;Review;
RSSAPR03;6492;108;439;"Matte Clear Vinyl";
RERAP101;6495;17;441;"Review 2";
RERAP102;6496;37;437;"Gloss Clear Vinyl";
RTPAP701;6505;55;542;Review;
RTPAP702;6506;65;427;"Ravage White Vinyl";
RKIAOL01;6508;31;542;Review;
RERAPI01;6510;26;647;"Matte Chrome Silver";
RERAPI02;6511;64;647;"Matte Chrome Silver";
RERAPI03;6512;89;436;"Micro Gold";
RGSAPN01;6514;92;542;Review;
RGSAPN02;6515;76;443;"Silver Vinyl";
RGSAQ401;6517;29;439;"Matte Clear Vinyl";
RNFAPK01;6520;14;542;Review;
RNFAPK02;6521;14;542;Review;
RNFAPK03;6522;206;443;"Silver Vinyl";
RGSAPO01;6524;24;443;"Silver Vinyl";
RGSAPO02;6525;31;542;Review;
RGSARG01;6528;24;542;Review;
RGSARG02;6529;667;415;"Matte Black Vinyl";
RKIAQ301;6531;35;407;"Brimstone Yellow Vinyl";
RKIAQ302;6532;59;505;"Gold Vinyl";
RKIAQ303;6533;80;443;"Silver Vinyl";
RKIAQ304;6534;12;542;Review;
RKIARH01;6536;67;542;Review;
RKIARH02;6537;14;542;Review;
RKIARH03;6538;44;505;"Gold Vinyl";
RKIAQ201;6540;12;647;"Matte Chrome Silver";
RKIAQ202;6541;15;543;"Review 3";
RKIAQ203;6542;20;542;Review;
RKIAQ204;6543;10;647;"Matte Chrome Silver";
RKIAQ205;6544;62;443;"Silver Vinyl";
RKIAQ206;6545;34;407;"Brimstone Yellow Vinyl";
RKIAQ207;6546;94;542;Review;
RKIARI01;6558;39;542;Review;
RKIARI02;6559;27;438;"Gloss White Vinyl";
RKIARI03;6560;160;439;"Matte Clear Vinyl";
RXTAQZ01;6562;10;543;"Review 3";
RXTAQZ02;6563;13;542;Review;
RXTAQZ03;6564;4;425;"White Cling";
RMPAQ801;6566;24;441;"Review 2";
RMPAQ802;6567;18;441;"Review 2";
RMPAQ803;6568;24;443;"Silver Vinyl";
RMPAQ804;6569;18;443;"Silver Vinyl";
RMPAQ805;6570;18;439;"Matte Clear Vinyl";
RSGARF01;6572;17;542;Review;
RSGARF02;6573;48;439;"Matte Clear Vinyl";
RSGARF03;6574;8;426;"Ravage Clear Vinyl";
RGSAOJ01;6576;15;443;"Silver Vinyl";
RGSAOJ02;6577;81;542;Review;
RGSAOJ03;6578;131;421;"Red Vinyl";
RTPAP801;6580;23;542;Review;
RTPAP802;6581;13;542;Review;
RTPAP803;6582;78;542;Review;
RTPAP804;6583;75;438;"Gloss White Vinyl";
RFTARQ01;6585;70;439;"Matte Clear Vinyl";
RFTARQ02;6586;9;625;"Micro Chrome";
RFTARQ03;6587;106;443;"Silver Vinyl";
RKIARE01;6589;218;415;"Matte Black Vinyl";
RKIARE02;6590;72;543;"Review 3";
RKIARE03;6591;73;426;"Ravage Clear Vinyl";
RSSAPQ01;6593;48;426;"Ravage Clear Vinyl";
RSSAPQ02;6594;21;543;"Review 3";
RSSAPQ03;6595;136;439;"Matte Clear Vinyl";
RSGARX01;6597;10;542;Review;
RSGARX02;6598;226;439;"Matte Clear Vinyl";
RERAP201;6601;69;542;Review;
RERAP202;6602;28;505;"Gold Vinyl";
RERAP203;6603;116;416;"Matte Dark Grey Vinyl";
RERAP204;6604;23;479;"Golden Yellow Vinyl";
RERAP205;6605;170;439;"Matte Clear Vinyl";
RCRAQU01;6608;207;439;"Matte Clear Vinyl";
RCRAQU02;6609;41;542;Review;
91855P01;6611;16;411;Holographic;
91815P01;6612;28;441;"Review 2";
RSSART01;6613;10;542;Review;
RSSART02;6614;82;426;"Ravage Clear Vinyl";
RSSART03;6615;161;439;"Matte Clear Vinyl";
RSSART04;6616;48;414;"Light Grey Vinyl";
RSSART05;6617;145;443;"Silver Vinyl";
RCRAQU03;6619;201;443;"Silver Vinyl";
RSSAOZ01;6620;13;543;"Review 3";
RSSAOZ02;6621;81;542;Review;
RSSAOZ03;6622;39;426;"Ravage Clear Vinyl";
RSSAOZ04;6623;19;439;"Matte Clear Vinyl";
RSSARU02;6626;141;441;"Review 2";
RSSARU03;6627;161;441;"Review 2";
RSSARU04;6628;119;441;"Review 2";
RSSARU05;6629;101;505;"Gold Vinyl";
RSSARU06;6630;220;426;"Ravage Clear Vinyl";
RHPARW01;6632;10;542;Review;
RHPARW02;6633;15;542;Review;
RHPARW03;6634;30;542;Review;
RHPARW04;6635;21;443;"Silver Vinyl";
RHPARW05;6636;188;439;"Matte Clear Vinyl";
RGSAP901;6639;64;647;"Matte Chrome Silver";
RGSAP902;6640;72;647;"Matte Chrome Silver";
RSSARY01;6642;11;542;Review;
RSSARY02;6643;165;543;"Review 3";
RSSARY03;6644;43;439;"Matte Clear Vinyl";
RSSARY04;6645;119;415;"Matte Black Vinyl";
RSSARY05;6646;140;426;"Ravage Clear Vinyl";
RUPAR601;6648;104;441;"Review 2";
91832P01;6652;16;441;"Review 2";
RSSAQD01;6653;30;542;Review;
RSSAQD02;6654;52;443;"Silver Vinyl";
RSSAQD03;6655;556;439;"Matte Clear Vinyl";
RKIARK01;6657;10;542;Review;
RKIARK02;6658;49;438;"Gloss White Vinyl";
RKIARK03;6659;36;426;"Ravage Clear Vinyl";
RKIAO101;6661;233;426;"Ravage Clear Vinyl";
RKIAO102;6662;24;542;Review;
RKIARL01;6665;50;443;"Silver Vinyl";
RKIARL02;6666;44;625;"Micro Chrome";
RHPAPD01;6669;108;542;Review;
RHPAPD02;6670;9;426;"Ravage Clear Vinyl";
RKIAPC01;6672;14;426;"Ravage Clear Vinyl";
RKIAPC02;6673;11;542;Review;
RKIAPC03;6674;128;508;"Copper Vinyl";
RKIAPC04;6675;23;438;"Gloss White Vinyl";
RMPARZ01;6680;20;438;"Gloss White Vinyl";
RMPARZ02;6681;171;439;"Matte Clear Vinyl";
RMPARZ03;6682;14;441;"Review 2";
RMPAR401;6684;26;414;"Light Grey Vinyl";
RMPAR101;6686;50;438;"Gloss White Vinyl";
RMPAR102;6687;16;542;Review;
RCRAQ501;6689;17;437;"Gloss Clear Vinyl";
RCRAQ502;6690;29;542;Review;
RKIARD01;6693;28;542;Review;
RKIARD02;6694;10;426;"Ravage Clear Vinyl";
RKIARA01;6696;25;426;"Ravage Clear Vinyl";
RKIARA02;6697;59;542;Review;
RSGAR901;6699;12;542;Review;
RSGAR902;6700;31;542;Review;
RGSASC01;6721;29;542;Review;
RGSASC02;6722;8;426;"Ravage Clear Vinyl";
TH202402;6724;62;426;"Ravage Clear Vinyl";
RSSAR801;6739;23;542;Review;
RSSAR802;6740;253;443;"Silver Vinyl";
RSSAR803;6741;27;426;"Ravage Clear Vinyl";
91834P01;6743;28;441;"Review 2";
RSSASM01;6744;18;542;Review;
RSSASM02;6745;55;542;Review;
RSSASM03;6746;71;443;"Silver Vinyl";
RSSAQE01;6748;42;405;Polylite;
RSSAQE02;6749;34;543;"Review 3";
RSSAQE03;6750;7;426;"Ravage Clear Vinyl";
RSSASD01;6756;22;542;Review;
RSSASD02;6757;21;441;"Review 2";
RSSASD03;6758;25;441;"Review 2";
RSSASD04;6759;26;437;"Gloss Clear Vinyl";
RSSASD05;6760;27;426;"Ravage Clear Vinyl";
RGSAQ601;6764;41;542;Review;
RGSAQ602;6765;60;542;Review;
RGSAQ603;6766;20;479;"Golden Yellow Vinyl";
RUPARC01;6768;31;443;"Silver Vinyl";
RUPARC02;6769;44;437;"Gloss Clear Vinyl";
RUPARC03;6770;48;441;"Review 2";
RHLAQI01;6773;151;439;"Matte Clear Vinyl";
RHLAQI02;6774;35;443;"Silver Vinyl";
RHLAQI03;6775;27;542;Review;
RHLAQI04;6776;32;542;Review;
RHLAQI05;6777;19;542;Review;
RHLAQI06;6778;20;542;Review;
RHLAQI07;6779;42;542;Review;
RHLAQI08;6780;28;542;Review;
RHLAQI09;6781;44;542;Review;
RSGAQ701;6783;217;439;"Matte Clear Vinyl";
RSGAQ702;6784;56;542;Review;
RSGAQ703;6785;77;443;"Silver Vinyl";
RGSARN01;6787;26;427;"Ravage White Vinyl";
RGSARN02;6788;20;542;Review;
RSSASG01;6790;19;543;"Review 3";
RSSASG02;6791;76;439;"Matte Clear Vinyl";
RSSASG03;6792;27;426;"Ravage Clear Vinyl";
RMPASF01;6794;24;542;Review;
RMPASF02;6795;311;542;Review;
RMPASF03;6796;283;443;"Silver Vinyl";
RMPASF04;6797;28;437;"Gloss Clear Vinyl";
RLGASE01;6799;20;542;Review;
RLGASE02;6800;34;542;Review;
RKIASH01;6802;74;625;"Micro Chrome";
RKIASH02;6803;42;625;"Micro Chrome";
RKIASH03;6804;38;543;"Review 3";
RSSAPS01;6806;15;426;"Ravage Clear Vinyl";
RSSAPS02;6807;28;439;"Matte Clear Vinyl";
RSSAPS03;6808;55;543;"Review 3";
RSSAPS04;6809;29;543;"Review 3";
RSSAQO01;6811;50;543;"Review 3";
RSSAQO02;6812;13;542;Review;
RSSAQO03;6813;32;443;"Silver Vinyl";
RSSAQO04;6814;31;439;"Matte Clear Vinyl";
RSSAQO05;6815;115;426;"Ravage Clear Vinyl";
RHLAQJ01;6817;12;542;Review;
RHLAQJ02;6818;23;542;Review;
RHLAQJ03;6819;108;542;Review;
RHLAQJ04;6820;13;543;"Review 3";
RCRARS01;6822;48;438;"Gloss White Vinyl";
RCRARS02;6823;40;542;Review;
RCRARS03;6824;63;505;"Gold Vinyl";
RGSASB01;6826;65;519;"Light Yellow Vinyl";
RGSASB02;6827;17;542;Review;
RGSASB03;6828;53;508;"Copper Vinyl";
RGSASB04;6829;35;409;"Gloss Black Vinyl";
RGSASB05;6830;44;437;"Gloss Clear Vinyl";
RHSASX01;6833;30;405;Polylite;
RAPASY01;6836;22;477;Parts;
RAPASY02;6837;356;426;"Ravage Clear Vinyl";
RGSARO01;6840;14;542;Review;
RGSARO02;6841;56;542;Review;
RGSARO03;6842;41;443;"Silver Vinyl";
RGSARO04;6843;134;542;Review;
RKIASK01;6845;33;542;Review;
RKIASK02;6846;32;438;"Gloss White Vinyl";
RKIASK03;6847;121;421;"Red Vinyl";
RFTAOY01;6849;137;439;"Matte Clear Vinyl";
RFTAOY02;6850;26;542;Review;
RFTAOY03;6851;23;543;"Review 3";
RGSASQ01;6853;41;542;Review;
RGSASQ02;6854;25;542;Review;
RGSASQ03;6855;23;411;Holographic;
RSSASL01;6857;59;443;"Silver Vinyl";
RSSASL02;6858;13;543;"Review 3";
RGSASR01;6860;34;542;Review;
RGSASR02;6861;16;542;Review;
RSSASL03;6863;40;437;"Gloss Clear Vinyl";
RSSASZ01;6864;68;542;Review;
RSSASZ02;6865;64;625;"Micro Chrome";
RSSASZ03;6866;160;685;TPU;
91837P01;6870;17;542;Review;
RHPAR301;6871;96;431;"Matte Clear Vinyl";
RHPAR302;6872;49;431;"Matte Clear Vinyl";
RHPAR303;6873;99;431;"Matte Clear Vinyl";
RSSASS01;6875;42;542;Review;
RSSASS02;6876;87;542;Review;
RSSASS03;6877;74;443;"Silver Vinyl";
RSSASS04;6878;26;411;Holographic;
RSSASS05;6879;42;426;"Ravage Clear Vinyl";
RSSAS601;6881;52;439;"Matte Clear Vinyl";
RSSAS602;6882;11;543;"Review 3";
RSSAS603;6883;34;542;Review;
RSSAS604;6884;61;443;"Silver Vinyl";
RKIATL01;6886;8;625;"Micro Chrome";
RKIATL02;6887;22;542;Review;
RNAATK01;6889;13;543;"Review 3";
RNAATK02;6890;66;542;Review;
RNAATK03;6891;15;543;"Review 3";
RNAATK04;6892;31;542;Review;
RRPAST01;6897;12;439;"Matte Clear Vinyl";
RRPAST02;6898;105;543;"Review 3";
RRPAST03;6899;23;543;"Review 3";
RRPAST04;6900;71;429;"Gloss Clear Vinyl";
RRPAST05;6901;2;426;"Ravage Clear Vinyl";
RRPAST06;6902;40;411;Holographic;
RRPAST07;6903;36;396;Sheets;
RRPAST08;6904;10;679;"Micro Red";
RRPAST09;6905;3;426;"Ravage Clear Vinyl";
RRPAST10;6906;160;542;Review;
RRPASW01;6908;14;543;"Review 3";
RKIASP01;6910;22;542;Review;
RKIATM01;6912;53;508;"Copper Vinyl";
RKIATM02;6913;57;542;Review;
RKIATM03;6914;58;405;Polylite;
RSSAS301;6916;22;427;"Ravage White Vinyl";
RSSAS302;6917;20;542;Review;
RSSAS303;6918;49;443;"Silver Vinyl";
RSSAS304;6919;27;421;"Red Vinyl";
RSSAS305;6920;37;437;"Gloss Clear Vinyl";
TH118202;6922;41;426;"Ravage Clear Vinyl";
TH114902;6923;431;426;"Ravage Clear Vinyl";
TH110702;6924;46;443;"Silver Vinyl";
RSSASO01;6925;24;436;"Micro Gold";
RSSASO02;6926;34;543;"Review 3";
RSSASO03;6927;77;679;"Micro Red";
RSSASJ01;6929;22;542;Review;
RSSAS6X1;6933;231;543;"Review 3";
RLGATD01;6938;74;542;Review;
RLGATD02;6939;17;542;Review;
RSGAQR01;6940;42;542;Review;
RSGAQR02;6941;14;543;"Review 3";
RKIATP01;6944;13;542;Review;
RKIATP02;6945;5116;625;"Micro Chrome";
RSSAS401;6947;22;543;"Review 3";
RSSAS402;6948;70;542;Review;
RSSAS403;6949;104;443;"Silver Vinyl";
RSSAS404;6950;54;439;"Matte Clear Vinyl";
RSSAS501;6952;49;542;Review;
RSSAS502;6953;33;443;"Silver Vinyl";
RSSAS503;6954;40;426;"Ravage Clear Vinyl";
RKIATP03;6958;50004;477;Parts;
RLGATU01;6960;191;426;"Ravage Clear Vinyl";
RLGATU02;6961;15;542;Review;
RLGATU03;6962;19;542;Review;
RLGATU04;6963;27;542;Review;
RLGATU05;6964;10;542;Review;
RGSATN01;6966;76;542;Review;
RGSATN02;6967;11;542;Review;
RLGATF01;6970;20;625;"Micro Chrome";
RLGATF02;6971;38;647;"Matte Chrome Silver";
RLGATF03;6972;39;426;"Ravage Clear Vinyl";
RLGATF04;6973;2;477;Parts;
RGSATN03;6975;9;477;Parts;
RLGATR01;6978;15;647;"Matte Chrome Silver";
RLGATR02;6979;28;505;"Gold Vinyl";
RLGATR03;6980;42;647;"Matte Chrome Silver";
RLGATR04;6981;15;647;"Matte Chrome Silver";
RLGATR05;6982;22;647;"Matte Chrome Silver";
RLGATR06;6983;21;647;"Matte Chrome Silver";
RLGATR07;6984;15;647;"Matte Chrome Silver";
RLGATR08;6985;20;647;"Matte Chrome Silver";
RLGATR09;6986;14;647;"Matte Chrome Silver";
RLGATR10;6987;10;647;"Matte Chrome Silver";
RLGATS01;6989;24;625;"Micro Chrome";
RLGATS02;6990;51;505;"Gold Vinyl";
RLGATS03;6991;101;409;"Gloss Black Vinyl";
RLGATS04;6992;48;625;"Micro Chrome";
RLGATE01;6995;57;542;Review;
RLGATE02;6996;17;543;"Review 3";
RLGATE03;6997;1429;426;"Ravage Clear Vinyl";
RLGATUX1;7000;232;543;"Review 3";
RNOAT401;7002;17;542;Review;
RNOAT402;7003;78;542;Review;
RNOAT403;7004;20;542;Review;
RNOAT404;7005;126;542;Review;
RFTAT601;7007;14;439;"Matte Clear Vinyl";
RFTAT602;7008;69;542;Review;
RFTAT603;7009;55;542;Review;
RFTAT604;7010;40;426;"Ravage Clear Vinyl";
RGSATI01;7012;12;625;"Micro Chrome";
RGSATI02;7013;14;647;"Matte Chrome Silver";
RGSATI03;7014;81;443;"Silver Vinyl";
RGSATI04;7015;12;415;"Matte Black Vinyl";
RLGATA01;7017;57;440;"OLD Matte White Vinyl";
RLGATA02;7018;68;542;Review;
RLGATA03;7019;29;542;Review;
RLGATA04;7020;97;443;"Silver Vinyl";
RLEAT701;7022;15;543;"Review 3";
RLEAT702;7023;18;542;Review;
RLEAT703;7024;37;426;"Ravage Clear Vinyl";
RLEAT705;7026;40;426;"Ravage Clear Vinyl";
RLEAT706;7027;44;426;"Ravage Clear Vinyl";
RLEAT707;7028;43;426;"Ravage Clear Vinyl";
RLEAT708;7029;28;426;"Ravage Clear Vinyl";
RLEAT709;7030;18;426;"Ravage Clear Vinyl";
RSSAT501;7032;11;543;"Review 3";
RSSAT502;7033;54;416;"Matte Dark Grey Vinyl";
RSSAT503;7034;281;505;"Gold Vinyl";
RSSAT504;7035;67;439;"Matte Clear Vinyl";
RSSAT505;7036;44;414;"Light Grey Vinyl";
RSSAT506;7037;40;479;"Golden Yellow Vinyl";
RSSAT507;7038;70;543;"Review 3";
RSSAT508;7039;12;426;"Ravage Clear Vinyl";
OSCARMUSPRIME;7041;99998;526;"Fake Products";
RSSAT509;7042;9;477;Parts;
RLGAUC01;7043;17;543;"Review 3";
RLGAUC02;7044;18;405;Polylite;
RLGAUC03;7045;80;439;"Matte Clear Vinyl";
RLGAUC04;7046;24;679;"Micro Red";
RLGAUC05;7047;61;426;"Ravage Clear Vinyl";
RLGAUC06;7048;9;647;"Matte Chrome Silver";
RROAT801;7050;12;542;Review;
RROAT802;7051;13;542;Review;
RROAT803;7052;33;542;Review;
RROAT804;7053;43;426;"Ravage Clear Vinyl";
RROAT805;7054;57;426;"Ravage Clear Vinyl";
RROAT806;7055;35;426;"Ravage Clear Vinyl";
RROAT807;7056;64;426;"Ravage Clear Vinyl";
RROAT808;7057;19;426;"Ravage Clear Vinyl";
RROAT809;7058;39;426;"Ravage Clear Vinyl";
RROAT810;7059;43;543;"Review 3";
RROAT811;7060;10;426;"Ravage Clear Vinyl";
RSSAT901;7062;28;543;"Review 3";
RSSAT902;7063;30;542;Review;
RSSAT903;7064;27;415;"Matte Black Vinyl";
RSSAT904;7065;70;443;"Silver Vinyl";
RSSAT905;7066;125;439;"Matte Clear Vinyl";
RSSAT906;7067;39;426;"Ravage Clear Vinyl";
RSSAT907;7069;64;477;Parts;
RSSAT908;7070;64;477;Parts;
RUPAOG07;7072;58;436;"Micro Gold";
RLGATQ01;7073;14;542;Review;
RLGATQ02;7074;53;542;Review;
RLGATQ03;7075;41;542;Review;
RLGATQ04;7076;73;440;"OLD Matte White Vinyl";
RLGATQ05;7077;22;542;Review;
RLGATC01;7080;64;542;Review;
RLGATC02;7081;103;405;Polylite;
RLGATC03;7082;29;657;"MPP '25";
RLGATC04;7083;26;415;"Matte Black Vinyl";
RLGATC05;7084;127;426;"Ravage Clear Vinyl";
RLGATC06;7085;4;426;"Ravage Clear Vinyl";
RSSAQC01;7092;46;439;"Matte Clear Vinyl";
RSSAQC02;7093;15;542;Review;
RSSAQC03;7094;35;427;"Ravage White Vinyl";
RSSAUD01;7096;51;542;Review;
RSSAUD02;7097;62;542;Review;
RSSAUD03;7098;49;657;"MPP '25";
RLGAUE01;7100;13;625;"Micro Chrome";
RLGAUE02;7101;41;647;"Matte Chrome Silver";
RLGAUE03;7102;16;625;"Micro Chrome";
RLGAUE04;7103;41;443;"Silver Vinyl";
RLGAUE05;7104;28;443;"Silver Vinyl";
RLGAUE06;7105;68;426;"Ravage Clear Vinyl";
BAN10000;7108;1;426;"Ravage Clear Vinyl";
BAL10000;7110;26;426;"Ravage Clear Vinyl";
BAH10000;7112;15;426;"Ravage Clear Vinyl";
BDN10000;7114;12;426;"Ravage Clear Vinyl";
BDL10000;7116;34;426;"Ravage Clear Vinyl";
BDH10000;7118;46;426;"Ravage Clear Vinyl";
B2N10000;7120;16;426;"Ravage Clear Vinyl";
B2L10000;7122;26;426;"Ravage Clear Vinyl";
B2H10000;7124;40;426;"Ravage Clear Vinyl";
BBN10000;7126;2;426;"Ravage Clear Vinyl";
BBL10000;7128;25;426;"Ravage Clear Vinyl";
BBH10000;7130;34;426;"Ravage Clear Vinyl";
BWN10000;7132;31;426;"Ravage Clear Vinyl";
BWL10000;7134;23;426;"Ravage Clear Vinyl";
BWH10000;7136;55;426;"Ravage Clear Vinyl";
BQN10000;7138;43;426;"Ravage Clear Vinyl";
BQL10000;7140;46;426;"Ravage Clear Vinyl";
BQH10000;7142;31;426;"Ravage Clear Vinyl";
BMN10000;7144;48;426;"Ravage Clear Vinyl";
BML10000;7146;39;426;"Ravage Clear Vinyl";
BMH10000;7148;48;426;"Ravage Clear Vinyl";
BAN20000;7150;20;649;"Rigid Clear";
BAL20000;7152;28;649;"Rigid Clear";
BAH20000;7154;60;649;"Rigid Clear";
BDN20000;7156;14;649;"Rigid Clear";
BDL20000;7158;15;649;"Rigid Clear";
BDH20000;7160;28;649;"Rigid Clear";
B2N20000;7162;10;649;"Rigid Clear";
B2L20000;7164;19;649;"Rigid Clear";
B2H20000;7166;56;649;"Rigid Clear";
BGN20000;7168;45;649;"Rigid Clear";
BGL20000;7170;38;649;"Rigid Clear";
BGH20000;7173;25;649;"Rigid Clear";
BBN20000;7175;11;649;"Rigid Clear";
BBL20000;7177;14;649;"Rigid Clear";
BBH20000;7179;20;649;"Rigid Clear";
BWN20000;7181;14;649;"Rigid Clear";
BWL20000;7183;53;649;"Rigid Clear";
BWH20000;7185;14;649;"Rigid Clear";
BQN20000;7187;38;649;"Rigid Clear";
BQL20000;7189;24;649;"Rigid Clear";
BQH20000;7191;25;649;"Rigid Clear";
BMN20000;7193;13;649;"Rigid Clear";
BML20000;7195;13;649;"Rigid Clear";
BMH20000;7197;12;649;"Rigid Clear";
RLGAT302;7201;30;426;"Ravage Clear Vinyl";
RLGAT301;7202;16;542;Review;
RSGAUO01;7206;44;542;Review;
RSGAUO02;7207;19;625;"Micro Chrome";
RSGAUO03;7208;15;542;Review;
RSGAUO04;7209;16;542;Review;
RSGAUO05;7210;33;426;"Ravage Clear Vinyl";
RSGAUO06;7211;30;426;"Ravage Clear Vinyl";
RSGAUO07;7212;11;426;"Ravage Clear Vinyl";
RSGAUO08;7213;17;427;"Ravage White Vinyl";
RSGAUO09;7214;23;543;"Review 3";
RLGAT101;7227;15;542;Review;
RLGAT102;7228;26;426;"Ravage Clear Vinyl";
RBBAUJ01;7229;20;647;"Matte Chrome Silver";
RBBAUJ02;7230;18;625;"Micro Chrome";
RBBAUJ03;7231;10;625;"Micro Chrome";
RBBAUJ04;7232;244;443;"Silver Vinyl";
RBBAUJ05;7233;87;426;"Ravage Clear Vinyl";
RBBAUJ06;7234;27;426;"Ravage Clear Vinyl";
RBBAUJ07;7235;116;426;"Ravage Clear Vinyl";
RLGAUL01;7238;35;647;"Matte Chrome Silver";
RLGAUL02;7239;23;647;"Matte Chrome Silver";
RLGAUL03;7240;57;426;"Ravage Clear Vinyl";
RLGAUG01;7242;79;625;"Micro Chrome";
RLGAUG02;7243;13;625;"Micro Chrome";
RLGAUG03;7244;10;625;"Micro Chrome";
RLGAUG04;7245;12;625;"Micro Chrome";
RLGAUG05;7246;67;647;"Matte Chrome Silver";
RLGAUG06;7247;86;647;"Matte Chrome Silver";
RGSAUH02;7251;21;426;"Ravage Clear Vinyl";
RGSAUH01;7252;17;542;Review;
RLGAUI01;7253;47;443;"Silver Vinyl";
RLGAUI02;7254;89;542;Review;
RLGAUI03;7255;139;529;"Amethyst Vinyl";
RLGATZ01;7258;13;542;Review;
RLGATZ02;7259;10;542;Review;
RLGAT201;7261;76;439;"Matte Clear Vinyl";
RLGAT202;7262;53;443;"Silver Vinyl";
RLGAT203;7263;15;542;Review;
RLGAUF01;7265;93;438;"Gloss White Vinyl";
RLGAUF03;7267;75;542;Review;
RLGAUF04;7268;55;437;"Gloss Clear Vinyl";
RLGAUQ01;7270;27;436;"Micro Gold";
RLGAUQ02;7271;19;542;Review;
RLGAUQ03;7272;13;543;"Review 3";
RLGAUQ04;7273;39;543;"Review 3";
RLGAUQ05;7275;146;505;"Gold Vinyl";
RLGAUQ06;7276;39;443;"Silver Vinyl";
RLGAS701;7277;194;438;"Gloss White Vinyl";
RLGAS702;7278;77;443;"Silver Vinyl";
RLGAS703;7279;18;647;"Matte Chrome Silver";
RLGAS704;7280;41;625;"Micro Chrome";
RLGATY01;7282;9;426;"Ravage Clear Vinyl";
RLGATY02;7283;7;426;"Ravage Clear Vinyl";
RLGATY03;7284;193;443;"Silver Vinyl";
RLGATY04;7285;39;543;"Review 3";
RLGAUS01;7287;43;543;"Review 3";
RLGAUS02;7288;31;543;"Review 3";
RLGAUS03;7289;31;443;"Silver Vinyl";
RLGAUT01;7291;46;426;"Ravage Clear Vinyl";
RLGAUT02;7292;25;426;"Ravage Clear Vinyl";
RLGAUT03;7293;130;647;"Matte Chrome Silver";
RLGAUT04;7294;15;625;"Micro Chrome";
RLGAUP01;7297;121;529;"Amethyst Vinyl";
RLGAUP02;7298;17;543;"Review 3";
RLGAUP03;7299;17;542;Review;
RLGAUP04;7300;128;543;"Review 3";
RLGAUP05;7301;12;426;"Ravage Clear Vinyl";
RLGAUP06;7302;29;426;"Ravage Clear Vinyl";
RSGATW01;7305;21;543;"Review 3";
RSGATW02;7306;32;543;"Review 3";
RSGATW03;7307;52;439;"Matte Clear Vinyl";
RSGATW04;7308;5;426;"Ravage Clear Vinyl";
RSGATW05;7309;32;426;"Ravage Clear Vinyl";
RSGATW06;7310;9;477;Parts;
RSGAUR01;7312;121;543;"Review 3";
RSGAUR02;7313;80;542;Review;
RSGAUR03;7314;21;543;"Review 3";
RSGAUR04;7315;24;543;"Review 3";
RSGAUR05;7316;66;426;"Ravage Clear Vinyl";
RLGAUX01;7318;21;543;"Review 3";
RLGAUX02;7319;42;543;"Review 3";
RLGAUX03;7320;22;415;"Matte Black Vinyl";
RLGAUX04;7321;57;679;"Micro Red";
RLGAUX05;7322;2;426;"Ravage Clear Vinyl";
RSGAUR06;7324;62;426;"Ravage Clear Vinyl";
RLGAUV01;7325;31;543;"Review 3";
RLGAUV02;7326;49;542;Review;
RLGAUV03;7327;194;439;"Matte Clear Vinyl";
RLGAUM01;7329;10;543;"Review 3";
RLGAUM02;7330;63;543;"Review 3";
RLGAUM03;7331;78;543;"Review 3";
RLGAUM04;7332;66;543;"Review 3";
RLGAUM05;7333;32;543;"Review 3";
RLGAUM06;7334;37;543;"Review 3";
RLGAUM07;7335;40;543;"Review 3";
RLGAUM08;7336;35;542;Review;
RLGAUM09;7337;12;542;Review;
RLGAUM10;7338;102;542;Review;
RLGAUM11;7339;108;439;"Matte Clear Vinyl";
RLGAUM12;7340;106;436;"Micro Gold";
RLGAUM13;7341;214;647;"Matte Chrome Silver";
RLGAUM14;7342;124;679;"Micro Red";
RLGAUZ01;7344;25;647;"Matte Chrome Silver";
RLGAUZ02;7345;21;547;"Chrome Gun Metal Vinyl";
RLGAUZ03;7346;67;408;"Burgundy Vinyl";
RLGAUZ04;7347;55;458;"Burgundy Vinyl";
RLGAVC01;7349;69;542;Review;
RLGAVC02;7350;17;542;Review;
RLGAUU01;7352;56;543;"Review 3";
RLGAUU02;7353;145;421;"Red Vinyl";
RLGAUU03;7354;44;679;"Micro Red";
RLGAUU04;7355;108;426;"Ravage Clear Vinyl";
RLGAUY01;7357;32;549;"Carnation Pink Vinyl";
RLGAUY02;7358;41;542;Review;
RLGAUY03;7359;121;543;"Review 3";
RLGAUY04;7360;121;438;"Gloss White Vinyl";
RLGAUY05;7361;24;677;"Micro Blue";
RLGAUY06;7362;11;477;Parts;
RLGAVK01;7364;22;542;Review;
RLGAVK02;7365;90;440;"OLD Matte White Vinyl";
RLGAVK03;7366;14;426;"Ravage Clear Vinyl";
RLGAVK04;7367;18;427;"Ravage White Vinyl";
RSSAU901;7369;19;543;"Review 3";
RSSAU902;7370;73;542;Review;
RSSAU903;7371;48;437;"Gloss Clear Vinyl";
RSSAU904;7372;69;426;"Ravage Clear Vinyl";
RLGAU101;7374;16;543;"Review 3";
RLGAU102;7375;9;625;"Micro Chrome";
RLGAU103;7376;62;529;"Amethyst Vinyl";
RLGAU104;7377;110;508;"Copper Vinyl";
RMSAVM01;7380;106;426;"Ravage Clear Vinyl";
RMSAVM02;7381;89;542;Review;
RMSAVM03;7382;87;438;"Gloss White Vinyl";
RMSAVM04;7383;59;543;"Review 3";
RMSAVM05;7384;80;543;"Review 3";
RSSAVL01;7386;13;625;"Micro Chrome";
RSSAVL02;7387;12;405;Polylite;
RSSAVL03;7388;52;649;"Rigid Clear";
RSSAVL04;7389;124;519;"Light Yellow Vinyl";
RSSAVL05;7390;20;625;"Micro Chrome";
RSSAVL06;7391;12;677;"Micro Blue";
RTFAVZ05;7395;22;543;"Review 3";
RTFAVZ04;7396;24;543;"Review 3";
RTFAVZ03;7397;45;439;"Matte Clear Vinyl";
RTFAVZ02;7398;71;415;"Matte Black Vinyl";
RTFAVZ01;7399;80;421;"Red Vinyl";
RSSAUK01;7401;44;437;"Gloss Clear Vinyl";
RSSAUK02;7402;25;543;"Review 3";
RSSAUK03;7403;28;542;Review;
RSSAUK04;7404;12;443;"Silver Vinyl";
RSSAUK05;7405;40;426;"Ravage Clear Vinyl";
RMPASA01;7408;24;543;"Review 3";
RMPASA02;7409;22;543;"Review 3";
RMPASA03;7410;11;443;"Silver Vinyl";
RMPASA04;7411;137;439;"Matte Clear Vinyl";
RSGAVO01;7413;31;543;"Review 3";
RSGAVO02;7414;10;542;Review;
RSGAVO03;7415;144;508;"Copper Vinyl";
RSGAVO04;7416;98;546;"Soft Pink Vinyl";
RSGAVO05;7417;56;426;"Ravage Clear Vinyl";
RLGAVQ01;7421;12;542;Review;
RLGAVQ02;7422;17;547;"Chrome Gun Metal Vinyl";
RLGAVQ03;7423;190;421;"Red Vinyl";
RLGAVQ04;7424;30;437;"Gloss Clear Vinyl";
RLGAVQ05;7425;49;426;"Ravage Clear Vinyl";
RLGAVQ06;7426;66;426;"Ravage Clear Vinyl";
RLGAVR01;7428;70;543;"Review 3";
RLGAVR02;7429;19;625;"Micro Chrome";
RLGAVR03;7430;4;625;"Micro Chrome";
RSGAVY01;7434;79;543;"Review 3";
RSGAVY02;7435;58;542;Review;
RSGAVY03;7436;86;437;"Gloss Clear Vinyl";
RSGAVY04;7437;18;426;"Ravage Clear Vinyl";
RLGAU105;7439;58;677;"Micro Blue";
RTFAVX01;7442;42;542;Review;
RTFAVX02;7443;62;543;"Review 3";
RTFAVX03;7444;46;426;"Ravage Clear Vinyl";
RTFAVX04;7445;12;426;"Ravage Clear Vinyl";
RTFAVX05;7446;52;429;"Gloss Clear Vinyl";
RLGAVP01;7448;31;543;"Review 3";
RLGAVP02;7449;24;542;Review;
RLGAVP03;7450;54;439;"Matte Clear Vinyl";
RLGAWA01;7452;11;543;"Review 3";
RLGAWA02;7453;42;625;"Micro Chrome";
RERAP206;7454;36;413;"Light Blue Vinyl";
RSGAVN01;7458;19;625;"Micro Chrome";
RSGAVN02;7459;60;647;"Matte Chrome Silver";
RSGAVN03;7460;25;426;"Ravage Clear Vinyl";
RFTAWB01;7462;124;437;"Gloss Clear Vinyl";
RFTAWB02;7463;78;543;"Review 3";
RHLAWC01;7465;45;543;"Review 3";
RGSAVW01;7467;48;542;Review;
RGSAVW02;7469;140;408;"Burgundy Vinyl";
RGSAVW03;7470;26;426;"Ravage Clear Vinyl";
RGSAVW04;7471;311;426;"Ravage Clear Vinyl";
RHLAWC02;7472;123;437;"Gloss Clear Vinyl";
RHLAWC03;7473;132;426;"Ravage Clear Vinyl";
RHLAWC04;7474;13;436;"Micro Gold";
RLGAWM01;7475;251;505;"Gold Vinyl";
RLGAWM02;7476;101;414;"Light Grey Vinyl";
RLGAWG01;7481;59;421;"Red Vinyl";
RLGAWG02;7482;17;542;Review;
RLGAWG03;7483;13;543;"Review 3";
RLGAWG04;7484;96;414;"Light Grey Vinyl";
RLGAWG05;7485;85;414;"Light Grey Vinyl";
RLGAWG06;7486;233;414;"Light Grey Vinyl";
RLGAWG07;7487;125;426;"Ravage Clear Vinyl";
RHLAWE01;7490;18;543;"Review 3";
RHLAWE02;7491;40;439;"Matte Clear Vinyl";
RHLAWE03;7492;262;426;"Ravage Clear Vinyl";
RHLAWE04;7493;213;426;"Ravage Clear Vinyl";
RHLAWE05;7494;142;426;"Ravage Clear Vinyl";
RLGAVT01;7496;27;543;"Review 3";
RLGAVT03;7497;33;617;"Macro Chrome";
RLGAVT02;7498;313;443;"Silver Vinyl";
RLGAWH01;7500;91;409;"Gloss Black Vinyl";
RLGAWH02;7501;187;421;"Red Vinyl";
RLGAWH03;7502;51;543;"Review 3";
RLGAWH04;7503;16;426;"Ravage Clear Vinyl";
RLGAWH05;7504;48;421;"Red Vinyl";
RHLAWD01;7506;13;543;"Review 3";
RHLAWD02;7507;207;439;"Matte Clear Vinyl";
RHLAWD03;7508;20;426;"Ravage Clear Vinyl";
RHLAWD04;7509;65;426;"Ravage Clear Vinyl";
RLGAWI01;7511;39;542;Review;
RLGAWI03;7512;33;542;Review;
RLGAWI02;7513;45;443;"Silver Vinyl";
RLGAWI04;7514;43;426;"Ravage Clear Vinyl";
RLGAWO01;7517;61;547;"Chrome Gun Metal Vinyl";
RLGAWO02;7518;139;437;"Gloss Clear Vinyl";
RLGAWO03;7519;12;405;Polylite;
RLGAWO04;7520;5010;625;"Micro Chrome";
RFTAWF01;7522;97;542;Review;
RFTAWF02;7523;3;426;"Ravage Clear Vinyl";
RFTAWF04;7524;62;529;"Amethyst Vinyl";
RFTAWF03;7525;81;437;"Gloss Clear Vinyl";
RSSA5901;7527;5018;625;"Micro Chrome";
RMTAWL01;7531;53;436;"Micro Gold";
91878P01;7532;30017;649;"Rigid Clear";
RMTAWL02;7534;79;542;Review;
RMTAWL03;7535;26;426;"Ravage Clear Vinyl";
RMTAWL04;7536;74;426;"Ravage Clear Vinyl";
RSSAVJ01;7537;54;625;"Micro Chrome";
RSSAVJ02;7538;177;426;"Ravage Clear Vinyl";
RSSAVJ03;7539;5000;477;Parts;
RDDAWN01;7540;48;543;"Review 3";
RDDAWN02;7541;70;619;Avery;
RDDAWN03;7542;19;529;"Amethyst Vinyl";
RDDAWN04;7544;37;529;"Amethyst Vinyl";
RLGAW301;7546;101;443;"Silver Vinyl";
RLGAWP01;7548;25;543;"Review 3";
RLGAWP02;7549;192;415;"Matte Black Vinyl";
RLGAWP03;7550;21;677;"Micro Blue";
RLGAWP04;7551;87;426;"Ravage Clear Vinyl";
RBBAWX01;7559;20;438;"Gloss White Vinyl";
RBBAWY01;7560;60;542;Review;
RBBAW101;7561;24;543;"Review 3";
RBBAWZ01;7562;28;427;"Ravage White Vinyl";
RBBAWQ01;7563;114;443;"Silver Vinyl";
RBBAWQ02;7564;30;543;"Review 3";
RBBAWQ03;7565;25;443;"Silver Vinyl";
RLGAWR01;7567;61;543;"Review 3";
RLGAWR02;7568;160;542;Review;
RLGAWR03;7569;198;505;"Gold Vinyl";
RLGAWR04;7570;21;426;"Ravage Clear Vinyl";
RLGAWS01;7572;24;543;"Review 3";
RLGAWS02;7573;52;542;Review;
RLGAWJ01;7575;173;543;"Review 3";
RLGAWJ02;7576;42;426;"Ravage Clear Vinyl";
RLGAWJ03;7577;46;426;"Ravage Clear Vinyl";
RLGAWJ04;7578;6;426;"Ravage Clear Vinyl";
RLGAWJ05;7579;2;426;"Ravage Clear Vinyl";
RLGAWJ06;7580;0;426;"Ravage Clear Vinyl";
RLGAWJ07;7581;0;426;"Ravage Clear Vinyl";
RLGAWJ08;7582;19;679;"Micro Red";
RLGAWT01;7585;61;542;Review;
RLGAWT02;7586;81;625;"Micro Chrome";
RLGAWU01;7588;48;543;"Review 3";
RLGAWU02;7589;11;542;Review;
RLGAWU03;7590;37;426;"Ravage Clear Vinyl";
RLGAWU04;7591;184;625;"Micro Chrome";
RESAW201;7593;4;426;"Ravage Clear Vinyl";
RESAW202;7594;23;543;"Review 3";
RESAW203;7595;181;542;Review;
RESAW204;7596;75;426;"Ravage Clear Vinyl";
RFTAWW01;7599;12;543;"Review 3";
RFTAWW02;7600;53;543;"Review 3";
RFTAWW03;7601;13;542;Review;
RFTAWW04;7602;214;529;"Amethyst Vinyl";
RFTAWW05;7603;32;426;"Ravage Clear Vinyl";
RFTAWW06;7604;74;543;"Review 3";
RFTAWW07;7605;32;437;"Gloss Clear Vinyl";
RLGAW401;7608;13;542;Review;
RLGAW402;7609;45;543;"Review 3";
RLGAW403;7610;13;542;Review;
RLGAW404;7611;31;543;"Review 3";
RFTAW901;7613;22;420;"Purple Vinyl";
RBBAXG01;7616;55;543;"Review 3";
RBBAXE01;7617;31;543;"Review 3";
RBBAXF01;7619;23;505;"Gold Vinyl";
RBBAWV01;7621;40;543;"Review 3";
RSSAW501;7624;40;542;Review;
RSSAW502;7625;23;439;"Matte Clear Vinyl";
RSSAW503;7626;162;547;"Chrome Gun Metal Vinyl";
RSSAW504;7627;45;426;"Ravage Clear Vinyl";
RLGAW601;7629;27;647;"Matte Chrome Silver";
RLGAW602;7630;35;421;"Red Vinyl";
RLGAW603;7631;15;413;"Light Blue Vinyl";
RLGAW604;7632;14;426;"Ravage Clear Vinyl";
RLGAW605;7633;11;426;"Ravage Clear Vinyl";
RLGAW606;7634;61;426;"Ravage Clear Vinyl";
RLGAW701;7637;13;542;Review;
RLGAW702;7638;44;426;"Ravage Clear Vinyl";
RLGAW703;7639;63;543;"Review 3";
RLGAW607;7640;34;647;"Matte Chrome Silver";
RHPAXA01;7641;12;543;"Review 3";
RHPAXA02;7642;20;543;"Review 3";
RHPAXA03;7643;41;542;Review;
RHPAXA04;7644;30;420;"Purple Vinyl";
RHPAXA05;7645;58;443;"Silver Vinyl";
RHPAXA06;7646;56;426;"Ravage Clear Vinyl";
RHPAXA07;7647;98;437;"Gloss Clear Vinyl";
RLGAXL01;7649;83;543;"Review 3";
RLGAXL02;7650;13;542;Review;
RLGAXL03;7651;55;439;"Matte Clear Vinyl";
RLGAXL04;7652;41;426;"Ravage Clear Vinyl";
RLGAXN01;7654;16;543;"Review 3";
RLGAXN02;7655;59;625;"Micro Chrome";
RLGAWT03;7657;125;543;"Review 3";
RLGAXH08;7658;38;443;"Silver Vinyl";
RLGAXH10;7659;33;439;"Matte Clear Vinyl";
RLGAXH06;7660;20;443;"Silver Vinyl";
RLGAXH05;7661;70;542;Review;
RLGAXH04;7662;21;543;"Review 3";
RLGAXH11;7664;15;542;Review;
RLGAXH09;7665;48;439;"Matte Clear Vinyl";
RLGAXH01;7666;11;438;"Gloss White Vinyl";
RLGAXH07;7667;45;443;"Silver Vinyl";
RLGAXH02;7668;18;542;Review;
RLGAXH03;7669;31;542;Review;
RBBAXD01;7671;23;543;"Review 3";
RBBAXQ01;7673;33;543;"Review 3";
RBBAXR01;7675;37;543;"Review 3";
RBBAXS01;7677;15;405;Polylite;
RLGAXH12;7679;78;438;"Gloss White Vinyl";
RLGAXO01;7680;34;542;Review;
RLGAXO02;7681;57;543;"Review 3";
RLGAXO03;7682;11;543;"Review 3";
RLGAXO04;7683;96;421;"Red Vinyl";
RLGAXO05;7684;75;439;"Matte Clear Vinyl";
RLGAXO06;7685;22;543;"Review 3";
RLGAXU01;7688;97;437;"Gloss Clear Vinyl";
RLGAXU02;7689;16;543;"Review 3";
RLGAXU03;7690;20;426;"Ravage Clear Vinyl";
RLGAXU04;7691;28;543;"Review 3";
RLGAXU05;7692;17;542;Review;
RLGAXV01;7700;28;542;Review;
RLGAXV02;7701;21;543;"Review 3";
RLGAWI05;7703;35;421;"Red Vinyl";
RFTAXM01;7704;79;438;"Gloss White Vinyl";
RFTAXM02;7705;115;543;"Review 3";
RFTAXM03;7706;67;437;"Gloss Clear Vinyl";
RFTAXM04;7707;28;409;"Gloss Black Vinyl";
RFTAXM05;7708;4;426;"Ravage Clear Vinyl";
RLGAXP01;7710;19;542;Review;
RLGAXP02;7711;14;426;"Ravage Clear Vinyl";
RESAXK01;7714;11;543;"Review 3";
RESAXK02;7715;265;421;"Red Vinyl";
RLGAXX01;7718;22;542;Review;
RLGAXX02;7719;31;542;Review;
RLGAXX03;7720;23;546;"Soft Pink Vinyl";
RLGAXX04;7721;85;426;"Ravage Clear Vinyl";
RLGAXX05;7722;112;427;"Ravage White Vinyl";
RROAXW01;7723;10;543;"Review 3";
RROAXW02;7724;27;543;"Review 3";
RROAXW03;7725;20;543;"Review 3";
RROAXW04;7726;33;543;"Review 3";
RROAXW05;7727;17;542;Review;
RROAXW06;7728;9;543;"Review 3";
RROAXW07;7729;30;543;"Review 3";
RROAXW08;7730;79;542;Review;
RROAXW09;7731;25;426;"Ravage Clear Vinyl";
RROAXW10;7732;36;426;"Ravage Clear Vinyl";
RLGAXT01;7734;30;543;"Review 3";
RLGAXT02;7735;79;542;Review;
RLGAXT03;7736;102;408;"Burgundy Vinyl";
RLGAXT04;7737;84;679;"Micro Red";
RLGAXY01;7761;8;426;"Ravage Clear Vinyl";
RLGAXY02;7763;46;426;"Ravage Clear Vinyl";
RLGAXY03;7764;14;426;"Ravage Clear Vinyl";
RSSAXZ01;7821;50;647;"Matte Chrome Silver";
RSSAXZ02;7822;55;647;"Matte Chrome Silver";
RSSAXZ03;7823;11;647;"Matte Chrome Silver";
RSSAXZ04;7824;7;436;"Micro Gold";
RSSAXZ05;7826;9;436;"Micro Gold";
RSSAXZ06;7827;44;677;"Micro Blue";
RLGAX601;7877;16;625;"Micro Chrome";
RLGAX602;7878;91;625;"Micro Chrome";
RLGAX603;7879;38;443;"Silver Vinyl";
RLGAX604;7880;112;421;"Red Vinyl";
RLGAX605;7881;73;437;"Gloss Clear Vinyl";
RLGAX606;7882;37;426;"Ravage Clear Vinyl";
RFTAX201;7885;52;438;"Gloss White Vinyl";
RGEAX101;7886;7;625;"Micro Chrome";
RGEAX102;7887;22;542;Review;
RGEAX103;7888;403;426;"Ravage Clear Vinyl";
RSGAX301;7890;33;542;Review;
RSGAX302;7891;63;542;Review;
RCRAX401;7893;41;438;"Gloss White Vinyl";
RCRAX402;7894;100;439;"Matte Clear Vinyl";
RCRAX403;7895;11;543;"Review 3";
RCRAX404;7896;64;414;"Light Grey Vinyl";
RMUAW801;7898;20;543;"Review 3";
RMUAXI01;7900;15;543;"Review 3";
RMUAXI02;7901;28;543;"Review 3";
RSSAYD01;7903;22;649;"Rigid Clear";
RSSAYC01;7905;74;543;"Review 3";
RSSAYC02;7906;258;426;"Ravage Clear Vinyl";
RSSAYC03;7907;109;438;"Gloss White Vinyl";
RGEAX801;7909;34;542;Review;
RGEAX802;7910;49;542;Review;
RGEAX803;7911;229;426;"Ravage Clear Vinyl";
RGEAX701;7914;65;542;Review;
RGEAX702;7915;18;542;Review;
RGEAX703;7916;54;443;"Silver Vinyl";
RGEAX704;7917;179;415;"Matte Black Vinyl";
RGEAX705;7918;1068;426;"Ravage Clear Vinyl";
RGEAX804;7921;64;477;Parts;
RRBAYH01;7922;29;426;"Ravage Clear Vinyl";
RRBAYI01;7923;2;426;"Ravage Clear Vinyl";
RRBAYK01;7924;1;426;"Ravage Clear Vinyl";
RRBAYJ01;7925;20;426;"Ravage Clear Vinyl";
RRBAYE01;7930;24;543;"Review 3";
RRBAYE02;7931;23;438;"Gloss White Vinyl";
RRBAYE03;7932;45;437;"Gloss Clear Vinyl";
RRBAYN01;7934;17;649;"Rigid Clear";
RRBAYO01;7935;16;649;"Rigid Clear";
RSSAYP01;7939;63;543;"Review 3";
RSSAYP02;7940;223;546;"Soft Pink Vinyl";
RSSAYP03;7941;57;426;"Ravage Clear Vinyl";
RRBAYB01;7943;79;505;"Gold Vinyl";
RRBAYB02;7944;81;443;"Silver Vinyl";
RRBAYB03;7945;50;543;"Review 3";
RRBAYB04;7946;33;543;"Review 3";
RRBAYG01;7948;18;542;Review;
RRBAYG02;7949;32;543;"Review 3";
RRBAYG03;7950;63;543;"Review 3";
RGEAYS01;7952;19;543;"Review 3";
RGEAYS02;7953;86;542;Review;
RGEAYS03;7954;68;542;Review;
RGEAYS04;7955;115;409;"Gloss Black Vinyl";
RGEAYS05;7957;371;426;"Ravage Clear Vinyl";
RRBAYR01;7959;19;542;Review;
RRBAYR02;7960;41;508;"Copper Vinyl";
RRBAYR03;7961;45;508;"Copper Vinyl";
RRBAYM01;7963;11;543;"Review 3";
RRBAYM02;7964;51;543;"Review 3";
RMUAYU01;7966;41;543;"Review 3";
RMUAYU02;7967;24;543;"Review 3";
RMPAYV01;7970;16;438;"Gloss White Vinyl";
RMPAX901;7971;11;543;"Review 3";
RMPAX902;7972;67;443;"Silver Vinyl";
RMPAX903;7973;21;439;"Matte Clear Vinyl";
RMPAX904;7974;69;421;"Red Vinyl";
RMPAX905;7975;31;426;"Ravage Clear Vinyl";
RRBAYQ01;7978;79;543;"Review 3";
RRBAYQ02;7979;115;508;"Copper Vinyl";
RRBAYQ03;7980;41;542;Review;
RRBAYP01;7982;31;543;"Review 3";
RRBAYP02;7983;128;416;"Matte Dark Grey Vinyl";
RRBAYP03;7984;45;543;"Review 3";
RRBAYP04;7985;125;443;"Silver Vinyl";
RMUAYT01;7988;12;542;Review;
RMUAYT02;7989;15;542;Review;
RMUAYT03;7990;12;542;Review;
RMUAYT04;7991;51;426;"Ravage Clear Vinyl";
RRBAYP05;7993;62;477;Parts;
RMUAYX01;7994;37;543;"Review 3";
RMUAYX02;7995;14;543;"Review 3";
RRBAY301;7997;12;647;"Matte Chrome Silver";
RRBAY302;7998;11;625;"Micro Chrome";
RRBAY303;7999;61;508;"Copper Vinyl";
RRBAY304;8000;172;443;"Silver Vinyl";
RLGAY201;8002;24;542;Review;
RLGAY202;8003;63;405;Polylite;
RLGAY203;8004;36;416;"Matte Dark Grey Vinyl";
RLGAY204;8005;356;421;"Red Vinyl";
RLGAY205;8006;61;426;"Ravage Clear Vinyl";
RLGAYY01;8008;14;543;"Review 3";
RLGAYY02;8009;12;426;"Ravage Clear Vinyl";
RLGAYY03;8010;12;426;"Ravage Clear Vinyl";
RLGAYY04;8011;10;426;"Ravage Clear Vinyl";
RLGAY501;8013;15;543;"Review 3";
RLGAY502;8014;19;542;Review;
RLGAY503;8015;111;426;"Ravage Clear Vinyl";
RGEAY601;8017;9;625;"Micro Chrome";
RGEAY602;8018;26;542;Review;
RGEAY603;8019;121;542;Review;
RGEAY604;8020;155;409;"Gloss Black Vinyl";
RGEAY605;8021;36;426;"Ravage Clear Vinyl";
RLGAY101;8024;29;543;"Review 3";
RLGAY102;8025;60;443;"Silver Vinyl";
RLGAY103;8026;262;426;"Ravage Clear Vinyl";
RLGAY104;8027;1048;477;Parts;
RLGAYA01;8029;147;421;"Red Vinyl";
RLGAYA02;8030;117;439;"Matte Clear Vinyl";
RLGAYA03;8031;33;439;"Matte Clear Vinyl";
RLGAYA04;8032;10;543;"Review 3";
RLGAYA05;8033;17;543;"Review 3";
RLGAYA06;8034;19;543;"Review 3";
RLGAYA07;8035;11;542;Review;
RLGAYA08;8036;18;543;"Review 3";
RLGAYA09;8037;28;543;"Review 3";
RLGAYA10;8038;16;543;"Review 3";
RLGAYA11;8039;12;543;"Review 3";
RLGAY801;8040;301;415;"Matte Black Vinyl";
RLGAY802;8041;25;543;"Review 3";
RLGAY803;8042;36;542;Review;
RLGAYZ01;8044;43;542;Review;
RLGAYZ02;8045;36;542;Review;
RLGAZC01;8047;21;542;Review;
RLGAZC02;8048;9;542;Review;
RLGAZC03;8049;144;443;"Silver Vinyl";
RLGAZD01;8051;27;542;Review;
RLGAZD02;8052;21;542;Review;
RLGAZD03;8053;49;685;TPU;
RTFAY901;8055;47;543;"Review 3";
RTFAY902;8056;21;543;"Review 3";
RTFAY903;8057;27;543;"Review 3";
RTFAY904;8058;22;542;Review;
RTFAY905;8059;6;426;"Ravage Clear Vinyl";
RTFAY906;8060;12;543;"Review 3";
RLGAZA01;8062;17;619;Avery;
RLGAZA02;8063;14;543;"Review 3";
RLGAZA03;8064;21;543;"Review 3";
RLGAZA04;8065;14;543;"Review 3";
RSSAZE01;8067;28;543;"Review 3";
RSSAZE02;8068;97;443;"Silver Vinyl";
RSSAZE03;8069;55;543;"Review 3";
RLGAZF01;8074;20;625;"Micro Chrome";
RLGAZF02;8075;27;647;"Matte Chrome Silver";
RLGAZF03;8076;128;625;"Micro Chrome";
RLGAZB01;8079;50;543;"Review 3";
RLGAZB02;8080;53;438;"Gloss White Vinyl";
RLGAZB03;8081;59;543;"Review 3";
RLGAZG01;8084;33;542;Review;
RLGAZG02;8085;20;543;"Review 3";
RLGAZG03;8086;68;426;"Ravage Clear Vinyl";
RGEAZK01;8088;22;542;Review;
RGEAZK02;8089;75;542;Review;
RGEAZK03;8091;10;542;Review;
RLGAZH01;8093;28;543;"Review 3";
RSGAZL01;8096;12;426;"Ravage Clear Vinyl";
RSGAZL02;8097;111;543;"Review 3";
RSGAZL03;8098;124;503;"Mint Vinyl";
RSGAZQ01;8099;13;543;"Review 3";
RSGAZQ02;8100;11;543;"Review 3";
RSGAZQ03;8101;120;409;"Gloss Black Vinyl";
REUAZN01;8106;25;649;"Rigid Clear";
REUAZO01;8107;12;649;"Rigid Clear";
REUAZP01;8108;51;649;"Rigid Clear";
REUAZM01;8109;13;543;"Review 3";
RLGAZS01;8112;31;542;Review;
RLGAZS02;8113;39;542;Review;
RMHAZU01;8117;40;543;"Review 3";
RMHAZU02;8118;29;543;"Review 3";
RMHAZU03;8119;30;543;"Review 3";
RMHAZU04;8120;168;439;"Matte Clear Vinyl";
RLGAZW01;8122;62;543;"Review 3";
RLGAZW02;8123;32;543;"Review 3";
RLGAZW03;8124;11;543;"Review 3";
RLGAZ101;8126;19;542;Review;
RLGAZ102;8127;21;542;Review;
RLGAZ103;8130;402;542;Review;
RLGAZ104;8131;16;436;"Micro Gold";
RLGAZ105;8132;207;443;"Silver Vinyl";
RLGAZ106;8133;152;543;"Review 3";
RLGAZX01;8135;27;542;Review;
RLGAZX02;8136;49;443;"Silver Vinyl";
91882P01;8138;62;649;"Rigid Clear";
91883P01;8139;45;443;"Silver Vinyl";
91884P01;8140;38;543;"Review 3";
91885P01;8141;15;443;"Silver Vinyl";
91886P01;8142;18;543;"Review 3";
91887P01;8143;22;649;"Rigid Clear";
91888P01;8144;16;649;"Rigid Clear";
91890P01;8145;15;649;"Rigid Clear";
91891P01;8146;16;649;"Rigid Clear";
91892P01;8147;13;649;"Rigid Clear";
91893P01;8148;15;649;"Rigid Clear";
91893P02;8149;15;649;"Rigid Clear";
91894P01;8150;23;649;"Rigid Clear";
91895P01;8152;13;649;"Rigid Clear";
91896P01;8153;45;649;"Rigid Clear";
91897P01;8154;14;649;"Rigid Clear";
91898P01;8155;15;649;"Rigid Clear";
91899P01;8156;21;649;"Rigid Clear";
91901P01;8157;14;649;"Rigid Clear";
91900P01;8158;15;649;"Rigid Clear";
91902P01;8159;25;438;"Gloss White Vinyl";
91903P01;8160;29;649;"Rigid Clear";
91904P01;8161;17;649;"Rigid Clear";
91905P01;8162;40;649;"Rigid Clear";
91905P02;8163;10;649;"Rigid Clear";
91905P03;8164;12;649;"Rigid Clear";
91906P01;8165;13;650;"Rigid Clear";
91907P01;8166;30;649;"Rigid Clear";
91908P01;8167;18;649;"Rigid Clear";
91908P02;8168;10;649;"Rigid Clear";
91909P01;8169;15;649;"Rigid Clear";
91910P01;8170;16;649;"Rigid Clear";
91911P01;8171;15;649;"Rigid Clear";
91912P01;8172;40;649;"Rigid Clear";
91913P01;8173;11;649;"Rigid Clear";
RMHAZT01;8176;29;543;"Review 3";
RMHAZT02;8177;11;543;"Review 3";
RMHAZT03;8178;15;543;"Review 3";
RMHAZT04;8179;16;439;"Matte Clear Vinyl";
RMHAZ201;8181;48;543;"Review 3";
RMHAZ202;8182;10;438;"Gloss White Vinyl";
RMHAZ203;8183;29;438;"Gloss White Vinyl";
RMHAZ204;8184;25;439;"Matte Clear Vinyl";
RMHAZZ01;8185;49;543;"Review 3";
RMHAZZ02;8186;35;438;"Gloss White Vinyl";
RMHAZZ03;8187;85;438;"Gloss White Vinyl";
RMHAZZ04;8188;11;439;"Matte Clear Vinyl";
RMHAZV01;8192;37;543;"Review 3";
RMHAZV02;8193;36;543;"Review 3";
RMHAZV03;8194;49;542;Review;
RMHAZV04;8195;29;439;"Matte Clear Vinyl";
RMHAZT05;8196;33;543;"Review 3";
RLGAY401;8197;14;542;Review;
RLGAZ501;8199;54;542;Review;
RLGAZ502;8200;47;438;"Gloss White Vinyl";
RLGAZ601;8204;47;438;"Gloss White Vinyl";
RLGAZ602;8205;25;439;"Matte Clear Vinyl";
RLGAZ603;8206;29;543;"Review 3";
RLGAZ604;8207;59;443;"Silver Vinyl";
RLGAZ701;8208;16;438;"Gloss White Vinyl";
RLGAZ702;8209;26;439;"Matte Clear Vinyl";
RLGAZ703;8210;104;543;"Review 3";
RLGAZ704;8211;70;443;"Silver Vinyl";
RLGAZ901;8212;13;625;"Micro Chrome";
RLGAZ902;8213;41;647;"Matte Chrome Silver";
RLGAZ903;8214;38;625;"Micro Chrome";
RLGAZ904;8215;11;439;"Matte Clear Vinyl";
RLGAZ905;8216;5014;505;"Gold Vinyl";
RLGAZ906;8217;10;647;"Matte Chrome Silver";
RLGAZ401;8220;60;440;"OLD Matte White Vinyl";
RLGAZ402;8221;34;543;"Review 3";
RLGA1B01;8223;32;542;Review;
RLGA1B02;8224;79;547;"Chrome Gun Metal Vinyl";
RLGA1B04;8225;45;421;"Red Vinyl";
RLGA1B03;8226;2;426;"Ravage Clear Vinyl";
RSSA1C01;8228;34;542;Review;
RSSA1C02;8229;152;542;Review;
RSSA1C03;8230;47;439;"Matte Clear Vinyl";
RSSA1C04;8231;133;679;"Micro Red";
RSSA1C05;8232;11;677;"Micro Blue";
RLGAZY01;8234;20;543;"Review 3";
RLGAZY02;8235;77;437;"Gloss Clear Vinyl";
RLGAZY03;8236;52;439;"Matte Clear Vinyl";
RLGA1D01;8238;25;543;"Review 3";
RLGA1D02;8239;14;439;"Matte Clear Vinyl";
RLGA1D03;8240;42;440;"OLD Matte White Vinyl";
RLGA1D04;8243;69;505;"Gold Vinyl";
RLGA1E01;8244;12;543;"Review 3";
RLGA1E02;8245;55;542;Review;
RLGA1E03;8246;38;439;"Matte Clear Vinyl";
RLGA1E04;8247;161;426;"Ravage Clear Vinyl";
RSSA1F01;8249;19;543;"Review 3";
RSSA1F02;8250;15;543;"Review 3";
RSSA1F03;8251;175;443;"Silver Vinyl";
RSSA1F04;8252;38;439;"Matte Clear Vinyl";
RSSA1F05;8253;23;679;"Micro Red";
RSSA1F06;8254;263;426;"Ravage Clear Vinyl";
RLGA1G01;8257;13;542;Review;
RLGA1G02;8258;67;543;"Review 3";
RLGA1G03;8259;9;647;"Matte Chrome Silver";
RLGA1G04;8260;75;505;"Gold Vinyl";
RLGA1G05;8261;19;542;Review;
RLGA1G06;8262;82;426;"Ravage Clear Vinyl";
RLGAZY04;8263;124;477;Parts;
RSSAZ801;8264;53;625;"Micro Chrome";
RSSAZ802;8265;89;647;"Matte Chrome Silver";
RSSA1L01;8267;56;543;"Review 3";
RSSA1L02;8268;79;542;Review;
RSSA1L03;8269;39;439;"Matte Clear Vinyl";
RSSA1L04;8270;87;426;"Ravage Clear Vinyl";
RSSA1L05;8271;22;426;"Ravage Clear Vinyl";
RBBA1H01;8273;16;542;Review;
RBBA1H02;8274;45;443;"Silver Vinyl";
RBBA1K01;8276;37;542;Review;
RBBA1K02;8277;20;439;"Matte Clear Vinyl";
RLGA1M01;8279;29;625;"Micro Chrome";
RLGA1M02;8280;24;625;"Micro Chrome";
RLGA1M03;8281;289;415;"Matte Black Vinyl";
RLGA1M04;8282;75;505;"Gold Vinyl";
RTFA1N01;8284;26;543;"Review 3";
RTFA1N02;8285;43;415;"Matte Black Vinyl";
RTFA1N03;8286;114;439;"Matte Clear Vinyl";
RTFA1N04;8287;21;543;"Review 3";
RTFA1N05;8288;49;426;"Ravage Clear Vinyl";
RLGA1O01;8292;13;542;Review;
RLGA1O02;8293;33;542;Review;
RLGA1O03;8294;48;443;"Silver Vinyl";
RLGA1DA1;8296;98;440;"OLD Matte White Vinyl";
RBBA1J01;8298;12;543;"Review 3";
RBBA1J02;8299;44;439;"Matte Clear Vinyl";
RBBA1J03;8300;10;443;"Silver Vinyl";
RBBA1I01;8338;33;542;Review;
RBBA1I02;8339;27;443;"Silver Vinyl";
RBBA1I03;8340;279;426;"Ravage Clear Vinyl";
RLGA1P01;8342;22;543;"Review 3";
RLGA1P02;8343;32;547;"Chrome Gun Metal Vinyl";
RLGA1P03;8344;86;542;Review;
RLGA1P04;8345;52;438;"Gloss White Vinyl";
RLGA1P05;8346;178;426;"Ravage Clear Vinyl";
RLGA1Q03;8364;10;543;"Review 3";
RLGA1Q01;8365;39;443;"Silver Vinyl";
RLGA1Q02;8366;31;542;Review;
RLGA1R01;8370;13;543;"Review 3";
RLGA1R02;8371;16;542;Review;
RLGA1R03;8372;37;443;"Silver Vinyl";
RLGA1R04;8373;87;409;"Gloss Black Vinyl";
RLGA1S01;8374;24;547;"Chrome Gun Metal Vinyl";
RLGA1S02;8375;37;677;"Micro Blue";
RHLA1U01;8386;13;543;"Review 3";
RHLA1U02;8387;10;543;"Review 3";
RHLA1U03;8388;9;543;"Review 3";
RHLA1U04;8389;11;543;"Review 3";
RHLA1U05;8390;16;543;"Review 3";
RHLA1U06;8391;22;436;"Micro Gold";
RHLA1U07;8392;18;542;Review;
RHLA1U08;8393;132;439;"Matte Clear Vinyl";
RHLA1U09;8394;15;426;"Ravage Clear Vinyl";
RHLA1U10;8395;41;657;"MPP '25";
RHLA1U11;8396;42;657;"MPP '25";
RREA1V01;8398;26;543;"Review 3";
RREA1V02;8399;15;542;Review;
RREA1V03;8400;40;426;"Ravage Clear Vinyl";
RREA1W01;8402;35;542;Review;
RREA1W02;8403;91;542;Review;
RREA1W03;8404;161;547;"Chrome Gun Metal Vinyl";
RREA1W04;8405;12;426;"Ravage Clear Vinyl";
RLGA1X01;8407;27;543;"Review 3";
RLGA1X02;8408;25;542;Review;
RLGA1X03;8409;92;443;"Silver Vinyl";
RLGA1X04;8410;12;427;"Ravage White Vinyl";
RLGA1Y01;8412;46;543;"Review 3";
RLGA1Y02;8413;216;440;"OLD Matte White Vinyl";
RLGA1Y03;8414;172;436;"Micro Gold";
RLGA1Y04;8415;25;426;"Ravage Clear Vinyl";
RLGA1Z01;8417;41;443;"Silver Vinyl";
RLGA1Z02;8418;102;415;"Matte Black Vinyl";
RLGA1Z03;8419;166;649;"Rigid Clear";
RLGA1Z04;8420;33;543;"Review 3";
RLGA1Z05;8421;61;426;"Ravage Clear Vinyl";
RLGA1101;8423;55;443;"Silver Vinyl";
RLGA1102;8424;28;542;Review;
RLGA1103;8425;14;543;"Review 3";
RLGA1201;8427;121;437;"Gloss Clear Vinyl";
RLGA1202;8428;39;543;"Review 3";
RLGA1203;8429;116;508;"Copper Vinyl";
RCRA1C02;8432;16;543;"Review 3";
RCRA1C03;8433;46;542;Review;
RCRA1C01;8434;60;542;Review;
RGEA1801;8436;11;542;Review;
RGEA1802;8437;11;543;"Review 3";
RGEA1803;8438;76;443;"Silver Vinyl";
RGEA1804;8439;74;443;"Silver Vinyl";
RSSA1901;8441;9;625;"Micro Chrome";
RSSA1902;8442;14;542;Review;
RBBA1701;8445;42;443;"Silver Vinyl";
RBBA1702;8446;46;542;Review;
RMTAAA01;8447;0;563;Harley;
RMTAAA02;8448;2;563;Harley;
RMTAAA03;8449;11;563;Harley;
RGBAAB01;8450;2;396;Sheets;
RGBAAB02;8451;0;396;Sheets;
RGBAAB03;8452;3;396;Sheets;
RGBAAB04;8453;3;396;Sheets;
HHMAAC01;8457;20;438;"Gloss White Vinyl";
RLGA1401;8460;31;543;"Review 3";
RREA1601;8461;49;543;"Review 3";
RLGA1402;8462;19;542;Review;
RLGA1403;8463;57;443;"Silver Vinyl";
RREA1602;8464;355;542;Review;
RSSA1501;8465;57;508;"Copper Vinyl";
RSSA1502;8466;117;426;"Ravage Clear Vinyl";
RSSA1503;8467;16;542;Review;
HHMAAD01;8469;4;438;"Gloss White Vinyl";
HHMAAE01;8471;-50;438;"Gloss White Vinyl";
HHMAAF01;8473;8;586;"Gloss White Vinyl";
HHMAAG01;8475;0;586;"Gloss White Vinyl";
RLGA2C01;8478;27;421;"Red Vinyl";
RLGA2C02;8479;36;443;"Silver Vinyl";
RSSA2B01;8480;102;439;"Matte Clear Vinyl";
RSSA2B02;8481;11;443;"Silver Vinyl";
RSSA2B03;8482;85;519;"Light Yellow Vinyl";
RSSA2B04;8483;103;542;Review;
TH208102;8485;12;443;"Silver Vinyl";
RLGA2A01;8487;22;543;"Review 3";
RLGA2A02;8488;16;542;Review;
RLGA2A03;8489;46;443;"Silver Vinyl";
RSSA2L01;8491;113;543;"Review 3";
RSSA2L02;8492;65;443;"Silver Vinyl";
RSSA2L03;8493;33;443;"Silver Vinyl";
RSSA2L04;8494;31;543;"Review 3";
RESA2T01;8496;90;443;"Silver Vinyl";
RESA2T02;8497;79;543;"Review 3";
RDNA2R01;8499;22;543;"Review 3";
RDNA2R02;8502;9;543;"Review 3";
RDNA2R03;8503;11;543;"Review 3";
RLGA2K05;8513;42;547;"Chrome Gun Metal Vinyl";
RLGA2K04;8514;126;443;"Silver Vinyl";
RLGA2K06;8515;129;411;Holographic;
RLGA2K03;8516;93;543;"Review 3";
RLGA2K02;8517;32;438;"Gloss White Vinyl";
RLGA2K01;8518;43;438;"Gloss White Vinyl";
RCRA2Q01;8520;38;439;"Matte Clear Vinyl";
RCRA2Q02;8521;92;440;"OLD Matte White Vinyl";
RCRA2Q03;8522;24;543;"Review 3";
RDWA2U03;8524;80;426;"Ravage Clear Vinyl";
RDWA2U02;8525;45;657;"MPP '25";
RDWA2U01;8526;25;543;"Review 3";
RNAA2S01;8528;43;542;Review;
RNAA2S02;8529;34;542;Review;
RNAA2S03;8530;49;542;Review;
RSSA2H01;8539;19;438;"Gloss White Vinyl";
RSSA2I01;8540;33;649;"Rigid Clear";
RSSA2J01;8541;24;649;"Rigid Clear";
RSSA2F01;8542;53;649;"Rigid Clear";
RSSA2D01;8544;94;438;"Gloss White Vinyl";
RSSA2E01;8545;22;438;"Gloss White Vinyl";
RSSA2G01;8546;38;438;"Gloss White Vinyl";
RSSA2101;8547;31;649;"Rigid Clear";
RREA2201;8549;22;543;"Review 3";
RREA2202;8550;20;542;Review;
RCRA2301;8552;15;542;Review;
RCRA2302;8553;76;542;Review;
RCRA2303;8554;14;430;"Gloss White Vinyl";
RCRA2304;8555;21;437;"Gloss Clear Vinyl";
RHMA2M01;8556;24;543;"Review 3";
RHMA2M02;8557;43;543;"Review 3";
RHMA2M03;8558;12;543;"Review 3";
RHMA2M04;8559;83;443;"Silver Vinyl";
RHMA2M05;8560;59;439;"Matte Clear Vinyl";
RLGA2501;8563;65;542;Review;
RLGA2502;8564;89;439;"Matte Clear Vinyl";
RLGA2503;8565;25;426;"Ravage Clear Vinyl";
RLGA2601;8567;38;542;Review;
RLGA2602;8568;48;416;"Matte Dark Grey Vinyl";
RLGA2603;8569;10;542;Review;
RLGA2604;8570;63;439;"Matte Clear Vinyl";
RLGA2701;8572;32;542;Review;
RLGA2703;8573;39;426;"Ravage Clear Vinyl";
RLGA2702;8574;47;416;"Matte Dark Grey Vinyl";
RLGA2801;8576;274;443;"Silver Vinyl";
RLGA2802;8578;31;440;"OLD Matte White Vinyl";
RLGA2803;8579;40;542;Review;
RLGA2804;8580;33;439;"Matte Clear Vinyl";
RLGA2901;8582;52;697;"Opaque Matte White Vinyl";
RLGA2902;8583;14;542;Review;
HHMAAH01;8596;13;586;"Gloss White Vinyl";
RSSA1FX1;8598;74;443;"Silver Vinyl";
HHMAAI01;8599;3;586;"Gloss White Vinyl";
HHMAAJ01;8601;0;586;"Gloss White Vinyl";
HHMAAK01;8603;0;586;"Gloss White Vinyl";
HHMAAL01;8605;15;586;"Gloss White Vinyl";
HHMAAM01;8607;15;586;"Gloss White Vinyl";
HHMAAM02;8608;14;586;"Gloss White Vinyl";
HHMAAN01;8610;18;586;"Gloss White Vinyl";
HHMAAP01;8614;0;586;"Gloss White Vinyl";
HHMAAP02;8615;11;586;"Gloss White Vinyl";
HHMAAP03;8616;4;586;"Gloss White Vinyl";
HHMAAQ01;8618;7;586;"Gloss White Vinyl";
RSSA2V01;8620;18;543;"Review 3";
RSSA2V02;8621;214;542;Review;
RSSA2V03;8622;86;547;"Chrome Gun Metal Vinyl";
RFTA2401;8624;13;405;Polylite;
RFTA2404;8625;36;543;"Review 3";
RFTA2402;8627;28;426;"Ravage Clear Vinyl";
RFTA2403;8628;67;426;"Ravage Clear Vinyl";
RFTA2405;8629;101;443;"Silver Vinyl";
RFTA2406;8630;56;421;"Red Vinyl";
RSSA3D01;8631;21;647;"Matte Chrome Silver";
RLGA3B01;8632;28;647;"Matte Chrome Silver";
RNFA2W01;8636;11;542;Review;
RNFA2W02;8637;59;542;Review;
RNFA2W03;8638;57;421;"Red Vinyl";
RMSA2Y01;8639;40;543;"Review 3";
RMSA2Y02;8640;150;542;Review;
RMSA2Y03;8641;15;543;"Review 3";
RSSA3F01;8644;15;542;Review;
RSSA3F02;8645;11;437;"Gloss Clear Vinyl";
RLGA3E01;8646;25;542;Review;
RLGA3E02;8647;12;543;"Review 3";
RLGA3E03;8648;66;439;"Matte Clear Vinyl";
RKIA3J01;8652;14;543;"Review 3";
RGEA3G01;8654;23;542;Review;
RGEA3G02;8655;65;443;"Silver Vinyl";
RLGA3H01;8657;15;542;Review;
RLGA3H02;8658;53;542;Review;
RSSA3I01;8660;13;543;"Review 3";
RSSA3I02;8661;53;542;Review;
RSSA3I03;8662;19;426;"Ravage Clear Vinyl";
RFHA3K01;8664;22;423;"Removable White Vinyl";
RMPA3A01;8667;40;543;"Review 3";
RMPA3A02;8668;81;416;"Matte Dark Grey Vinyl";
RMPA3A03;8669;21;426;"Ravage Clear Vinyl";
HSWAAR01;8671;0;586;"Gloss White Vinyl";
HSWAAS01;8673;0;586;"Gloss White Vinyl";
HSWAAT01;8675;0;586;"Gloss White Vinyl";
HSWAAU01;8677;0;586;"Gloss White Vinyl";
HSWAAV01;8679;10;586;"Gloss White Vinyl";
HSWAAW01;8681;9;586;"Gloss White Vinyl";
HSWAAX01;8684;7;586;"Gloss White Vinyl";
HSWAAY01;8686;4;438;"Gloss White Vinyl";
HSWAAZ01;8689;13;586;"Gloss White Vinyl";
HSWAA101;8691;8;586;"Gloss White Vinyl";
RLGA3L01;8694;78;542;Review;
RLGA3L02;8695;38;542;Review;
RLGA3L03;8696;101;443;"Silver Vinyl";
RPRA3M01;8698;51;426;"Ravage Clear Vinyl";
RPRA3M02;8699;19;540;Review;
RPRA3M03;8700;364;540;Review;
RPRA3M04;8701;454;428;"Micro Gold";
RPRA3M05;8702;62;542;Review;
RPRA3M06;8703;96;542;Review;
RPRA3M07;8704;65;542;Review;
RNFA2W04;8707;34;542;Review;
RFTA3N01;8709;22;423;"Removable White Vinyl";
RLGA3S01;8711;22;409;"Gloss Black Vinyl";
RLGA3S02;8712;44;625;"Micro Chrome";
RLGA3S03;8713;12;543;"Review 3";
RLGA3S04;8714;15;543;"Review 3";
RG1A2Z01;8716;22;436;"Micro Gold";
RG1A2Z02;8717;32;618;"Micro Chrome";
RG1A2Z03;8718;25;426;"Ravage Clear Vinyl";
RG1A2Z04;8719;42;414;"Light Grey Vinyl";
RG1A2Z05;8720;48;543;"Review 3";
RMPA3X01;8725;27;542;Review;
RMPA3X02;8726;63;543;"Review 3";
RMPA3X03;8727;11;437;"Gloss Clear Vinyl";
RS7A3T01;8728;39;543;"Review 3";
RS7A3T02;8729;113;542;Review;
RS7A3T03;8730;13;443;"Silver Vinyl";
RS7A3T04;8731;86;440;"OLD Matte White Vinyl";
RS7A3T05;8732;103;439;"Matte Clear Vinyl";
RS7A3T06;8733;189;426;"Ravage Clear Vinyl";
RS7A3T07;8734;41;443;"Silver Vinyl";
RLGA3Y01;8735;17;543;"Review 3";
RLGA3Y02;8736;36;437;"Gloss Clear Vinyl";
RLGA3Y03;8737;18;443;"Silver Vinyl";
RLGA3Y04;8738;19;426;"Ravage Clear Vinyl";
RMPA3Z01;8739;46;543;"Review 3";
RMPA3Z02;8740;118;426;"Ravage Clear Vinyl";
RMPA3X04;8741;77;426;"Ravage Clear Vinyl";
HSWABA01;8755;0;586;"Gloss White Vinyl";
RTFA3601;8757;55;519;"Light Yellow Vinyl";
RTFA3602;8758;60;543;"Review 3";
RTFA3603;8759;93;437;"Gloss Clear Vinyl";
RTFA3604;8760;46;409;"Gloss Black Vinyl";
RTFA3501;8762;134;519;"Light Yellow Vinyl";
RTFA3502;8763;16;543;"Review 3";
RTFA3503;8764;94;437;"Gloss Clear Vinyl";
RMPA3801;8766;60;542;Review;
RMPA3802;8767;66;439;"Matte Clear Vinyl";
RMPA3803;8768;48;543;"Review 3";
RMPA3901;8769;61;542;Review;
RLGA3R01;8773;17;647;"Matte Chrome Silver";
RLGA3R02;8774;115;505;"Gold Vinyl";
RLGA4A01;8776;56;647;"Matte Chrome Silver";
RLGA3701;8777;37;647;"Matte Chrome Silver";
RLGA3702;8778;42;415;"Matte Black Vinyl";
RMPA3U01;8781;11;543;"Review 3";
RMPA3U02;8782;20;542;Review;
RMPA3U03;8783;12;542;Review;
RMPA3U04;8784;76;542;Review;
RMPA3U05;8785;56;436;"Micro Gold";
RMPA3U06;8786;57;541;"Review 3";
RMPA3U07;8787;2;477;Parts;
RCBA3V01;8790;25;543;"Review 3";
RMPA4B01;8792;51;541;"Review 3";
RCBA3V02;8793;10;543;"Review 3";
RCBA3V03;8794;167;411;Holographic;
RCBA3V04;8795;27;426;"Ravage Clear Vinyl";
RCBA3V05;8796;41;437;"Gloss Clear Vinyl";
RMPA4B02;8798;11;543;"Review 3";
RMPA4B03;8799;10;543;"Review 3";
RMPA4B04;8800;38;543;"Review 3";
RMPA4B05;8801;13;543;"Review 3";
RMPA4B06;8802;119;426;"Ravage Clear Vinyl";
RLGA3103;8804;3;477;Parts;
RLGA3102;8805;179;543;"Review 3";
RLGA3101;8806;13;543;"Review 3";
RLGA3201;8807;266;547;"Chrome Gun Metal Vinyl";
RLGA3202;8808;139;465;"Matte Dark Grey Vinyl";
RLGA3203;8809;47;438;"Gloss White Vinyl";
RLGA3204;8810;15;543;"Review 3";
RLGA3301;8812;19;542;Review;
RLGA3302;8813;46;438;"Gloss White Vinyl";
RSSA4F01;8818;55;547;"Chrome Gun Metal Vinyl";
RSSA4F02;8819;97;439;"Matte Clear Vinyl";
RSSA4F03;8820;13;542;Review;
RSSA4F04;8821;67;440;"OLD Matte White Vinyl";
RSSA4F05;8822;36;543;"Review 3";
RLGA4E01;8826;14;443;"Silver Vinyl";
RLGA4E02;8827;17;542;Review;
HSWAA201;8828;22;586;"Gloss White Vinyl";
HSWAA301;8830;9;586;"Gloss White Vinyl";
HSWAA401;8832;12;586;"Gloss White Vinyl";
HSWAA501;8834;2;586;"Gloss White Vinyl";
HSWAA601;8836;12;586;"Gloss White Vinyl";
HSWAA701;8838;18;586;"Gloss White Vinyl";
HSWAA901;8842;9;586;"Gloss White Vinyl";
HSWABB01;8844;0;586;"Gloss White Vinyl";
HSWABC01;8846;12;586;"Gloss White Vinyl";
HSWABD01;8848;9;586;"Gloss White Vinyl";
HSWABE01;8850;15;586;"Gloss White Vinyl";
HSWABF01;8852;0;586;"Gloss White Vinyl";
HSWABG01;8854;17;586;"Gloss White Vinyl";
HHMABN01;8856;4;586;"Gloss White Vinyl";
HHMABN02;8857;4;586;"Gloss White Vinyl";
HHMABN03;8858;3;586;"Gloss White Vinyl";
HHMABN04;8859;3;586;"Gloss White Vinyl";
HHMABN05;8860;2;586;"Gloss White Vinyl";
HHMABN06;8861;0;586;"Gloss White Vinyl";
HHMABN07;8862;8;586;"Gloss White Vinyl";
HHMABO01;8864;8;586;"Gloss White Vinyl";
HHMABP01;8866;4;586;"Gloss White Vinyl";
HHMABQ01;8868;4;586;"Gloss White Vinyl";
RUTA4H01;8871;39;423;"Removable White Vinyl";
RUTA4I01;8872;21;423;"Removable White Vinyl";
HSWABH01;8874;28;437;"Gloss Clear Vinyl";
HSWABI01;8876;6;437;"Gloss Clear Vinyl";
HSWABJ01;8878;11;437;"Gloss Clear Vinyl";
HSWABK01;8880;53;437;"Gloss Clear Vinyl";
HSWABL01;8882;25;437;"Gloss Clear Vinyl";
HSWABM01;8884;7;437;"Gloss Clear Vinyl";
RMPA4J01;8887;13;423;"Removable White Vinyl";
RMPA4K01;8889;24;423;"Removable White Vinyl";
RD9A4G01;8891;105;427;"Ravage White Vinyl";
RD9A4G02;8892;513;443;"Silver Vinyl";
RD9A4G03;8893;44;439;"Matte Clear Vinyl";
RD9A4G04;8894;41;543;"Review 3";
RD9A4G05;8895;45;543;"Review 3";
RD9A4G06;8896;24;542;Review;
RD9A4G07;8897;24;543;"Review 3";
RD9A4G08;8898;37;543;"Review 3";
RD9A4G09;8899;10;543;"Review 3";
RD9A4G10;8900;34;543;"Review 3";
RD9A4G11;8901;23;543;"Review 3";
RD9A4G12;8902;15;543;"Review 3";
RD9A4G13;8903;33;543;"Review 3";
RHMA4M01;8904;16;405;Polylite;
RHMA4M02;8905;50;405;Polylite;
RHMA4M03;8906;9;647;"Matte Chrome Silver";
RHMA4M04;8907;33;479;"Golden Yellow Vinyl";
RHMA4M05;8908;60;439;"Matte Clear Vinyl";
RLGA3401;8911;24;542;Review;
RLGA3403;8913;7;586;"Gloss White Vinyl";
HBGABR01;8914;11;438;"Gloss White Vinyl";
HBGABS01;8916;7;438;"Gloss White Vinyl";
HBGABT01;8918;10;438;"Gloss White Vinyl";
HBGABU01;8920;11;438;"Gloss White Vinyl";
HBGABV01;8922;6;438;"Gloss White Vinyl";
HBRABW01;8924;0;586;"Gloss White Vinyl";
HBRABX01;8926;2;586;"Gloss White Vinyl";
HBRABY01;8928;6;586;"Gloss White Vinyl";
HBHAB101;8932;9;438;"Gloss White Vinyl";
RLGA4L01;8935;41;505;"Gold Vinyl";
RLGA4L02;8936;13;543;"Review 3";
RLGA4L03;8937;8;426;"Ravage Clear Vinyl";
RLGA4L04;8938;17;426;"Ravage Clear Vinyl";
ROXA4N01;8941;21;423;"Removable White Vinyl";
HSWABC02;8942;13;586;"Gloss White Vinyl";
HSWAA402;8944;0;586;"Gloss White Vinyl";
HSWAA502;8945;3;586;"Gloss White Vinyl";
HSWAA602;8946;20;586;"Gloss White Vinyl";
HSWAA603;8947;10;586;"Gloss White Vinyl";
RESA4O01;8956;68;542;Review;
RESA4O02;8957;46;543;"Review 3";
RESA4O03;8958;13;543;"Review 3";
RFHA4C01;8962;43;439;"Matte Clear Vinyl";
RFHA4C02;8963;9;647;"Matte Chrome Silver";
RFHA4C03;8964;18;542;Review;
RFHA4D01;8966;25;543;"Review 3";
RFHA4D02;8967;24;543;"Review 3";
RFHA4D03;8968;22;542;Review;
RFHA4D04;8969;60;439;"Matte Clear Vinyl";
RSCA3P01;8972;133;426;"Ravage Clear Vinyl";
RSCA3P02;8973;10;543;"Review 3";
RSCA3P03;8974;22;543;"Review 3";
RSCA3P04;8975;21;543;"Review 3";
RSCA3P05;8976;25;543;"Review 3";
RSCA3P06;8977;10;543;"Review 3";
RSCA3P07;8978;13;542;Review;
RSCA3P08;8979;25;543;"Review 3";
RSCA3P09;8980;48;439;"Matte Clear Vinyl";
RSCA3P10;8981;33;543;"Review 3";
RSCA3P11;8982;44;657;"MPP '25";
RSCA3P12;8983;49;415;"Matte Black Vinyl";
RSCA3P13;8984;19;415;"Matte Black Vinyl";
RMCA4S01;9008;17;543;"Review 3";
RMCA4S02;9009;51;542;Review;
RMBA4R01;9011;41;542;Review;
RMBA4R02;9012;28;426;"Ravage Clear Vinyl";
RMBA4P01;9014;53;542;Review;
RMBA4P02;9015;36;439;"Matte Clear Vinyl";
RMBA4Q01;9017;14;542;Review;
RMBA4Q02;9018;58;426;"Ravage Clear Vinyl";
HSWAB201;9053;3;586;"Gloss White Vinyl";
HSWAB301;9055;15;586;"Gloss White Vinyl";
HSWAB401;9057;20;586;"Gloss White Vinyl";
HSWAB501;9059;16;586;"Gloss White Vinyl";
HSWAB601;9061;0;586;"Gloss White Vinyl";
HSWAB701;9064;0;586;"Gloss White Vinyl";
HSWAB602;9066;6;586;"Gloss White Vinyl";
RLGA4U01;9070;26;542;Review;
RLGA4T01;9072;28;542;Review;
RLGA4T02;9073;18;443;"Silver Vinyl";
RKIA4V01;9074;19;542;Review;
RSSA4X01;9076;58;647;"Matte Chrome Silver";
HBMAB801;9090;-100;586;"Gloss White Vinyl";
HBMAB901;9092;-100;586;"Gloss White Vinyl";
HCAACA01;9094;-100;586;"Gloss White Vinyl";
HSMACB01;9096;-100;586;"Gloss White Vinyl";
HCHACC01;9098;-100;586;"Gloss White Vinyl";
RSSA4501;9100;30;625;"Micro Chrome";
RSSA4502;9101;36;625;"Micro Chrome";
RLGA4601;9103;41;543;"Review 3";
RLGA4602;9104;119;505;"Gold Vinyl";
RLGA4603;9105;65;443;"Silver Vinyl";
RLGA4604;9106;4;426;"Ravage Clear Vinyl";
RESA4701;9108;35;443;"Silver Vinyl";
RESA4702;9112;36;625;"Micro Chrome";
RLGA5D01;9113;24;647;"Matte Chrome Silver";
RCRA5A01;9115;38;409;"Gloss Black Vinyl";
RCRA5A02;9116;22;543;"Review 3";
RCRA5A03;9117;43;543;"Review 3";
RCRA5A04;9118;16;543;"Review 3";
RCRA5A05;9119;12;542;Review;
RCRA5A06;9120;35;543;"Review 3";
RCRA5A07;9121;15;477;Parts;
RSSA4802;9123;72;421;"Red Vinyl";
RSSA4801;9124;17;543;"Review 3";
RSSA4803;9125;51;543;"Review 3";
RSSA4804;9126;21;443;"Silver Vinyl";
RSSA4805;9127;34;648;"Macro Red";
RLGA5D02;9128;26;542;Review;
RLGA5D03;9129;28;542;Review;
RLGA5D04;9130;30;543;"Review 3";
RLGA5D05;9131;13;542;Review;
RLGA5D06;9132;23;443;"Silver Vinyl";
RLGA5D07;9133;12;542;Review;
RLGA5D08;9134;38;443;"Silver Vinyl";
RLGA5D09;9135;12;542;Review;
RLGA5D10;9136;27;542;Review;
RLGA5D11;9137;28;542;Review;
RLGA5D12;9138;74;542;Review;
RLGA5D13;9139;10;542;Review;
XCOLOR01;9160;500000;438;"Gloss White Vinyl";
RSSA48X1;9162;44;543;"Review 3";
RLGA4Y01;9163;25;542;Review;
RLGA4Y02;9164;37;437;"Gloss Clear Vinyl";
RLGA4Y03;9165;70;421;"Red Vinyl";
RLGA4Y04;9166;15;542;Review;
RLGA4Y05;9167;40;443;"Silver Vinyl";
RLGA4Z01;9170;17;542;Review;
RLGA4Z02;9171;38;542;Review;
RLGA4Z03;9172;69;426;"Ravage Clear Vinyl";
RSSA5E01;9175;42;542;Review;
RSSA5F01;9176;79;426;"Ravage Clear Vinyl";
RSSA5G01;9179;70;542;Review;
RSSA5H01;9180;95;593;"Geyser Blue";
PRINM011;9182;4;562;Unknown;
RLGA5R01;9184;14;542;Review;
RLGA5R02;9185;96;437;"Gloss Clear Vinyl";
RLGA5K01;9187;16;625;"Micro Chrome";
RLGA5K02;9188;25;547;"Chrome Gun Metal Vinyl";
RLGA5K03;9189;24;625;"Micro Chrome";
RLGA5L01;9191;52;542;Review;
RLGA5L02;9192;40;426;"Ravage Clear Vinyl";
RLGA5S01;9197;24;443;"Silver Vinyl";
RLGA5S02;9198;111;542;Review;
RLGA5S03;9199;18;411;Holographic;
RLGA5S04;9200;49962;477;Parts;
RLGA5S05;9205;49967;477;Parts;
RD9A5V01;9206;19;542;Review;
RD9A5W01;9207;83;542;Review;
TH19K203;9210;1;477;Parts;
XMTCOL01;9211;8;542;Review;
DONOTSHIPYET;9212;10000;2;"Main Menu";
RLGA5101;9214;24;542;Review;
RLGA5Z01;9216;21;542;Review;
RLGA5Z02;9217;24;437;"Gloss Clear Vinyl";
RLGA5Z03;9218;35;426;"Ravage Clear Vinyl";
RLGA5Y01;9220;37;542;Review;
RLGA5Y02;9221;46;542;Review;
RLGA5Y03;9222;60;426;"Ravage Clear Vinyl";
RLGA5U01;9223;125;426;"Ravage Clear Vinyl";
RLGA5U02;9224;138;426;"Ravage Clear Vinyl";
RLGA5U03;9225;24;542;Review;
RLGA5U04;9226;88;508;"Copper Vinyl";
RLGA5U05;9227;27;505;"Gold Vinyl";
RLGA5U06;9228;64;420;"Purple Vinyl";
RLGA5U07;9229;20;443;"Silver Vinyl";
RD9A5X01;9232;89;542;Review;
RD9A5X02;9233;67;542;Review;
RD9A5X03;9234;176;542;Review;
RD9A5X04;9235;3;477;Parts;
ROXA4101;9240;10;647;"Matte Chrome Silver";
ROXA4102;9241;40;647;"Matte Chrome Silver";
ROXA4103;9242;40;443;"Silver Vinyl";
ROXA4104;9243;87;439;"Matte Clear Vinyl";
ROXA4201;9245;25;542;Review;
ROXA4202;9246;21;542;Review;
ROXA4203;9247;12;542;Review;
ROXA4204;9248;12;439;"Matte Clear Vinyl";
ROXA4205;9249;44;443;"Silver Vinyl";
RLGA5I01;9250;32;542;Review;
RLGA5I02;9251;37;443;"Silver Vinyl";
RLGA5I03;9252;43;426;"Ravage Clear Vinyl";
RLGA5J01;9254;51;415;"Matte Black Vinyl";
RLGA5J02;9255;54;437;"Gloss Clear Vinyl";
RLGA5J03;9256;48;542;Review;
RLGA5J04;9257;88;426;"Ravage Clear Vinyl";
RLGA5J05;9258;84;426;"Ravage Clear Vinyl";
RLGA5J06;9259;96;443;"Silver Vinyl";
RLGA5N01;9262;25;542;Review;
RLGA5N02;9263;3;582;"Special Production";
RLGA5N03;9264;84;542;Review;
RLGA5M01;9268;28;542;Review;
RLGA5M02;9269;33;443;"Silver Vinyl";
RCRA5Q01;9270;32;542;Review;
RCRA5Q02;9271;14;542;Review;
RCRA5Q03;9272;117;426;"Ravage Clear Vinyl";
RCRA5Q04;9273;25;443;"Silver Vinyl";
RCRA5Q05;9274;21;479;"Golden Yellow Vinyl";
PowderBLU;9277;9;593;"Geyser Blue";
RLGA5M03;9278;121;505;"Gold Vinyl";
RLGA5M04;9279;55;438;"Gloss White Vinyl";
RLGA5M05;9280;117;408;"Burgundy Vinyl";
RNFA5301;9282;128;479;"Golden Yellow Vinyl";
RESA5201;9290;40;542;Review;
RESA5202;9291;45;437;"Gloss Clear Vinyl";
RESA5203;9292;68;443;"Silver Vinyl";
RSSA5401;9295;12;625;"Micro Chrome";
RSSA5402;9296;75;443;"Silver Vinyl";
RSSA5403;9297;32;593;"Geyser Blue";
RSSA5404;9298;13;542;Review;
RSSA5406;9299;85;542;Review;
RSSA5405;9300;20;437;"Gloss Clear Vinyl";
RCRA5P01;9303;86;426;"Ravage Clear Vinyl";
RCRA5P02;9304;31;479;"Golden Yellow Vinyl";
RCRA5P03;9305;49;479;"Golden Yellow Vinyl";
RCRA5P04;9306;30;542;Review;
RCRA5P05;9307;22;542;Review;
RCRA5P06;9308;141;437;"Gloss Clear Vinyl";
918890P1;9329;18;649;"Rigid Clear";
RLGA5501;9330;21;542;Review;
RLGA5502;9331;38;416;"Matte Dark Grey Vinyl";
RLGA5503;9332;163;505;"Gold Vinyl";
RLGA5504;9333;227;439;"Matte Clear Vinyl";
RNFA6A01;9336;51;542;Review;
RLGA5601;9337;22;542;Review;
RLGA5602;9338;33;426;"Ravage Clear Vinyl";
RLGA5603;9339;24;505;"Gold Vinyl";
RLGA5604;9340;39;416;"Matte Dark Grey Vinyl";
RLGA5701;9345;94;414;"Light Grey Vinyl";
RLGA5702;9346;15;625;"Micro Chrome";
RLGA5703;9347;14;426;"Ravage Clear Vinyl";
RLGA5704;9348;43;409;"Gloss Black Vinyl";
RLGA5705;9349;100;439;"Matte Clear Vinyl";
RLGA5505;9360;118;443;"Silver Vinyl";
RSSA6B01;9363;28;542;Review;
RSSA6B02;9364;45;443;"Silver Vinyl";
RSSA6B03;9365;33;431;"Matte Clear Vinyl";
RSSA6B04;9366;76;480;"Ravage Red Vinyl";
RSSA6B05;9367;24;426;"Ravage Clear Vinyl";
RSSA6H01;9372;41;599;R-Silver;
RSSA6K01;9374;43;605;R-Silver;
RSSA5902;9376;4998;625;"Micro Chrome";
RSSA5903;9377;385;618;"Micro Chrome";
RSSA5904;9378;320;439;"Matte Clear Vinyl";
XXXXXXXX;9380;99000;396;Sheets;
RSSA6G01;9382;42;542;Review;
RSSA6G02;9383;10;542;Review;
RSSA6G03;9384;140;540;Review;
RSSA6D01;9388;421;409;"Gloss Black Vinyl";
RSSA6E01;9391;201;542;Review;
RSSA6F01;9393;30;593;"Geyser Blue";
RCRA6M01;9398;70;542;Review;
RCRA6M02;9399;12;542;Review;
RCRA6M03;9400;89;409;"Gloss Black Vinyl";
RCRA6M04;9401;17;542;Review;
RCRA6M05;9402;26;443;"Silver Vinyl";
RCRA6M06;9403;132;426;"Ravage Clear Vinyl";
RLGA6R01;9406;24;542;Review;
RLGA6R02;9407;133;542;Review;
RLGA6R03;9408;23;415;"Matte Black Vinyl";
RNFA6N01;9410;13;542;Review;
RLGA6S01;9413;14;542;Review;
RLGA6S02;9414;17;542;Review;
RLGA6S03;9415;100;414;"Light Grey Vinyl";
RLGA6S04;9416;12;437;"Gloss Clear Vinyl";
RLGA6S05;9417;10;542;Review;
RLGA6S06;9418;359;426;"Ravage Clear Vinyl";
RLGA6Y01;9420;21;542;Review;
RLGA6Y02;9421;11;542;Review;
RLGA6Y03;9422;10;443;"Silver Vinyl";
RLGA6Y04;9423;71;443;"Silver Vinyl";
RLGA6Z01;9424;35;505;"Gold Vinyl";
RLGA6Z02;9425;13;542;Review;
RLGA6Z03;9426;17;505;"Gold Vinyl";
RLGA6Z04;9427;57;505;"Gold Vinyl";
RLGA6Z05;9428;35;440;"OLD Matte White Vinyl";
RLGA6Z06;9429;105;437;"Gloss Clear Vinyl";
RLGA6Z07;9430;79;426;"Ravage Clear Vinyl";
RPCA6L01;9480;73;542;Review;
RPCA6L02;9481;57;508;"Copper Vinyl";
RPCA6L03;9483;54;426;"Ravage Clear Vinyl";
RPCA6L04;9484;133;426;"Ravage Clear Vinyl";
RPCA6L05;9485;63;426;"Ravage Clear Vinyl";
RPCA6L06;9486;29;542;Review;
RPCA6L07;9487;81;426;"Ravage Clear Vinyl";
RPCA6L08;9488;17;426;"Ravage Clear Vinyl";
RSSA6Q01;9512;19;542;Review;
RSSA6Q02;9513;24;426;"Ravage Clear Vinyl";
RPCA6P01;9530;18;542;Review;
RPCA6P02;9531;77;443;"Silver Vinyl";
RPCA6P03;9533;404;426;"Ravage Clear Vinyl";
RSSA6W01;9547;25;411;Holographic;
RPCA6P04;9548;34;443;"Silver Vinyl";
RPCA6P05;9549;40;443;"Silver Vinyl";
RPCA6P06;9550;12;437;"Gloss Clear Vinyl";
RPCA6P07;9551;124;542;Review;
RGCA6U01;9582;24;443;"Silver Vinyl";
RGCA6U02;9583;83;505;"Gold Vinyl";
RGCA6U03;9584;106;679;"Micro Red";
RGCA6U04;9585;23;542;Review;
RSSA6O01;9589;168;426;"Ravage Clear Vinyl";
RSSA6O02;9591;15;508;"Copper Vinyl";
RSSA6O03;9592;38;438;"Gloss White Vinyl";
RSSA6O04;9593;26;542;Review;
RLGA5802;9594;51;542;Review;
RLGA5801;9595;79;443;"Silver Vinyl";
FSSAAA01;9627;21;542;Review;
FLGAAD01;9628;19;542;Review;
FERAAC01;9635;125;593;"Geyser Blue";
FSSAAG01;9654;31;593;"Geyser Blue";
FFSAAJ01;9656;26;649;"Rigid Clear";
FFSAAK01;9672;112;649;"Rigid Clear";
RLGA6T01;9711;40;647;"Matte Chrome Silver";
RLGA6T02;9712;20;625;"Micro Chrome";
RLGA6T03;9713;194;647;"Matte Chrome Silver";
RLGA6T04;9714;9;438;"Gloss White Vinyl";
RBKA6201;9715;45;542;Review;
RBKA6202;9716;53;411;Holographic;
RBKA6301;9717;28;542;Review;
RBKA6302;9718;54;411;Holographic;
RBKA6401;9719;32;542;Review;
RBKA6402;9720;56;411;Holographic;
RBKA6501;9721;42;542;Review;
RBKA6502;9722;22;411;Holographic;
RBKA6601;9723;32;542;Review;
RBKA6602;9724;57;411;Holographic;
RGCA6V01;9731;101;443;"Silver Vinyl";
RGCA6V02;9732;37;542;Review;
RGCA6V03;9733;10;427;"Ravage White Vinyl";
RGCA6V04;9734;74;426;"Ravage Clear Vinyl";
RGCA6V05;9735;93;426;"Ravage Clear Vinyl";
RGCA6V06;9736;40;426;"Ravage Clear Vinyl";
RGCA6V07;9737;85;508;"Copper Vinyl";
RLGA6701;9738;12;625;"Micro Chrome";
RLGA6703;9740;61;505;"Gold Vinyl";
RLGA6704;9741;100;439;"Matte Clear Vinyl";
RLGA6705;9742;27;426;"Ravage Clear Vinyl";
RSSA7D01;9753;154;542;Review;
RSSA7D02;9754;144;443;"Silver Vinyl";
RSSA7D03;9755;150;411;Holographic;
RSSA7D04;9756;96;426;"Ravage Clear Vinyl";
RLGA7A01;9761;227;409;"Gloss Black Vinyl";
RLGA7A02;9762;9;593;"Geyser Blue";
RLGA7A03;9763;9;625;"Micro Chrome";
RLGA7A04;9764;28;625;"Micro Chrome";
RLGA7A05;9765;25;625;"Micro Chrome";
RLGA7A06;9766;9;443;"Silver Vinyl";
FLGAAE01;9767;19;542;Review;
FLGAAF01;9768;23;647;"Matte Chrome Silver";
FFSAAH01;9769;14;649;"Rigid Clear";
FFSAAL01;9770;58;649;"Rigid Clear";
FFSAAI01;9771;12;649;"Rigid Clear";
FLGAAM01;9772;17;542;Review;
RLGA7B01;9780;40;542;Review;
RLGA7B02;9781;50;415;"Matte Black Vinyl";
RLGA7E01;9783;54;625;"Micro Chrome";
RLGA7E02;9784;35;647;"Matte Chrome Silver";
RLGA7E03;9785;68;443;"Silver Vinyl";
RESA7G01;9787;74;443;"Silver Vinyl";
RESA7G02;9788;51;542;Review;
RESA7G03;9789;471;426;"Ravage Clear Vinyl";
RESA7G04;9790;237;439;"Matte Clear Vinyl";
RTFA7H01;9792;45;542;Review;
RTFA7H02;9793;18;542;Review;
RTFA7H03;9794;12;437;"Gloss Clear Vinyl";
RTFA7H04;9795;68;547;"Chrome Gun Metal Vinyl";
RTFA7H05;9796;18;542;Review;
RGEA7F01;9798;24;542;Review;
RGEA7F02;9799;22;443;"Silver Vinyl";
RGEA7F03;9800;36;443;"Silver Vinyl";
RGEA6903;9802;75;677;"Micro Blue";
RGEA6904;9803;76;679;"Micro Red";
RGEA6901;9804;10;542;Review;
RGEA6902;9805;19;542;Review;
RLGA7K01;9807;25;443;"Silver Vinyl";
RLGA7K02;9808;54;443;"Silver Vinyl";
RLGA7K03;9809;59;415;"Matte Black Vinyl";
RLGA7K04;9810;10039;426;"Ravage Clear Vinyl";
RVLA6801;9814;49;540;Review;
RVLA6802;9815;12;542;Review;
RVLA6803;9816;15;540;Review;
RVLA6804;9817;12;542;Review;
RVLA6805;9818;34;582;"Special Production";
RVLA6806;9819;10;542;Review;
RVLA6807;9820;84;439;"Matte Clear Vinyl";
RVLA6808;9821;20;426;"Ravage Clear Vinyl";
RVLA6809;9822;51;426;"Ravage Clear Vinyl";
RVLA6810;9823;61;625;"Micro Chrome";
RVLA6811;9824;9;426;"Ravage Clear Vinyl";
RVLA6812;9825;22;426;"Ravage Clear Vinyl";
RVLA6813;9826;14;426;"Ravage Clear Vinyl";
RVLA6814;9827;20;582;"Special Production";
RLGA7P02;9830;31;540;Review;
RLGA7P04;9832;69;426;"Ravage Clear Vinyl";
RSSA7L01;9843;393;540;Review;
RSSA7J01;9845;437;540;Review;
TH230105;9863;12;542;Review;
TH230501;9870;19;542;Review;
TH230801;9882;13;542;Review;
TH230802;9883;84;439;"Matte Clear Vinyl";
TH230803;9884;180;426;"Ravage Clear Vinyl";
TH230901;9885;61;542;Review;
TH230902;9886;783;426;"Ravage Clear Vinyl";
RLGA7R07;9888;627;481;"Black Vinyl";
RLGA7R04;9889;12;426;"Ravage Clear Vinyl";
RLGA7R01;9890;63;414;"Light Grey Vinyl";
RLGA7R02;9891;16;443;"Silver Vinyl";
RLGA7R03;9892;16;542;Review;
RLGA7R05;9893;47;439;"Matte Clear Vinyl";
RLGA7R06;9894;113;409;"Gloss Black Vinyl";
THH01101;9897;10000;606;"Hobby Supplies";
THH01102;9898;100000;398;"White Frost";
TH230401;9902;15;443;"Silver Vinyl";
TH230402;9903;11;542;Review;
TH230403;9904;5;661;"OLD Gold Chrome";
TH230404;9905;41;439;"Matte Clear Vinyl";
FFSAAS01;9913;13;649;"Rigid Clear";
FSSAAN01;9915;43;593;"Geyser Blue";
RSSA5905;9927;10;647;"Matte Chrome Silver";
RSSA6O05;9929;32;436;"Micro Gold";
RSSA6O06;9938;350;426;"Ravage Clear Vinyl";
TH230405;9939;54;542;Review;
TH231804;9963;10;443;"Silver Vinyl";
FFSAAW01;10009;27;649;"Rigid Clear";
TH232901;10027;33;542;Review;
TH232902;10028;32;443;"Silver Vinyl";
TH232904;10030;16;443;"Silver Vinyl";
TH232905;10031;583;426;"Ravage Clear Vinyl";
FLGAAP01;10033;70;542;Review;
FLGAAV01;10034;22;647;"Matte Chrome Silver";
TH234701;10098;26;542;Review;
FERAA101;10137;31;593;"Geyser Blue";
TH235601;10147;21;542;Review;
TH235602;10148;103;437;"Gloss Clear Vinyl";
TH235603;10149;31;612;"Fluorescent Pink";
TH235604;10150;37;609;"Fluorescent Orange";
TH235605;10151;1;477;Parts;
TH235803;10155;13;625;"Micro Chrome";
TH236301;10163;9;477;Parts;
TH236401;10165;49840;477;Parts;
TH236108;10214;21;542;Review;
TH238101;10278;5029;403;"2F3 Brushed Silver";
TH238102;10279;26;625;"Micro Chrome";
FKIAA701;10301;21;593;"Geyser Blue";
TH236201;10304;17;542;Review;
TH236202;10305;26;542;Review;
TH236203;10306;76;542;Review;
TH236204;10307;15;542;Review;
TH236205;10308;20;542;Review;
TH236206;10309;13;542;Review;
TH236207;10310;11;542;Review;
TH236208;10311;25;542;Review;
TH236209;10312;18;542;Review;
TH236210;10313;52;542;Review;
TH236211;10319;87;503;"Mint Vinyl";
TH236212;10320;35;503;"Mint Vinyl";
TH236213;10321;78;503;"Mint Vinyl";
TH236214;10322;77;503;"Mint Vinyl";
TH236215;10323;71;503;"Mint Vinyl";
TH238701;10337;22;542;Review;
TH238702;10338;22;542;Review;
TH238703;10339;42;542;Review;
TH238704;10340;10;542;Review;
TH238705;10341;15;542;Review;
TH238706;10342;13;542;Review;
TH238707;10343;27;542;Review;
TH238708;10344;11;542;Review;
TH238709;10345;10;542;Review;
TH238710;10346;14;542;Review;
TH239001;10374;15;542;Review;
TH239002;10375;51;625;"Micro Chrome";
TH238901;10376;9;625;"Micro Chrome";
TH238902;10377;77;443;"Silver Vinyl";
PRINM080;10378;1;562;Unknown;
PRINL227;10380;2;562;Unknown;
TH240301;10382;94;625;"Micro Chrome";
TH240302;10383;40;625;"Micro Chrome";
FRGABM01;10468;274;593;"Geyser Blue";
TH241601;10477;430;679;"Micro Red";
TH241602;10478;52;645;"Macro Purple";
TH241603;10483;88;625;"Micro Chrome";
TH241604;10484;28;625;"Micro Chrome";
TH241605;10485;110;437;"Gloss Clear Vinyl";
TH241606;10486;67;647;"Matte Chrome Silver";
TH241701;10487;11;619;Avery;
TH241702;10488;20;645;"Macro Purple";
TH241703;10490;674;437;"Gloss Clear Vinyl";
TH241704;10492;116;647;"Matte Chrome Silver";
TH241705;10493;40;625;"Micro Chrome";
TH242001;10495;19;646;"Portal Teal";
TH242002;10496;33;646;"Portal Teal";
TH242003;10497;65;646;"Portal Teal";
TH242004;10498;158;411;Holographic;
TH242005;10499;106;625;"Micro Chrome";
TH242006;10500;48;647;"Matte Chrome Silver";
TH242007;10501;141;647;"Matte Chrome Silver";
TH242008;10502;37;625;"Micro Chrome";
RLGA6T05;10513;32;617;"Macro Chrome";
TH242601;10514;471;437;"Gloss Clear Vinyl";
TH242602;10515;104;647;"Matte Chrome Silver";
TH242603;10516;0;645;"Macro Purple";
TH242604;10517;67;625;"Micro Chrome";
TH242605;10518;17;625;"Micro Chrome";
TH242101;10521;18;647;"Matte Chrome Silver";
TH242102;10522;36;647;"Matte Chrome Silver";
TH242103;10523;5055;646;"Portal Teal";
TH242104;10524;23;625;"Micro Chrome";
TH242105;10525;97;649;"Rigid Clear";
TH242106;10526;47;625;"Micro Chrome";
TH242107;10527;40;421;"Red Vinyl";
TH242108;10528;94;649;"Rigid Clear";
TH242109;10529;5446;409;"Gloss Black Vinyl";
TH242110;10530;17;649;"Rigid Clear";
TH242111;10531;118;421;"Red Vinyl";
RSSA4806;10538;23;677;"Micro Blue";
RSSAM605;10542;45;440;"OLD Matte White Vinyl";
TH242201;10544;262;409;"Gloss Black Vinyl";
TH242202;10545;213;647;"Matte Chrome Silver";
TH242203;10546;15;619;Avery;
TH242204;10547;23;625;"Micro Chrome";
TH242205;10548;13;677;"Micro Blue";
TH242401;10561;199;647;"Matte Chrome Silver";
TH242402;10562;44;679;"Micro Red";
RLGAU106;10564;148;647;"Matte Chrome Silver";
RLGAWP05;10565;71;679;"Micro Red";
TH242112;10582;46;647;"Matte Chrome Silver";
FSSABY01;10601;138;593;"Geyser Blue";
TH243104;10615;420;414;"Light Grey Vinyl";
FLGABZ01;10623;233;593;"Geyser Blue";
TH244003;10666;86;619;Avery;
FFSAB101;10671;58;647;"Matte Chrome Silver";
FFSAB201;10672;22;619;Avery;
TH244901;10732;5;619;Avery;
TH244902;10733;30;625;"Micro Chrome";
TH244903;10734;53;437;"Gloss Clear Vinyl";
TH244904;10735;61;619;Avery;
TH244905;10736;224;409;"Gloss Black Vinyl";
TH244601;10738;104;679;"Micro Red";
TH244602;10739;78;415;"Matte Black Vinyl";
TH244603;10740;58;436;"Micro Gold";
TH244604;10741;24;619;Avery;
TH244605;10742;68;439;"Matte Clear Vinyl";
TH244606;10743;24;677;"Micro Blue";
TH244607;10744;14;619;Avery;
TH244608;10745;20;619;Avery;
TH244609;10746;21;619;Avery;
TH244610;10747;15;619;Avery;
TH244611;10748;76;443;"Silver Vinyl";
TH244612;10749;23;625;"Micro Chrome";
TH244613;10750;23;619;Avery;
TH244614;10751;100;437;"Gloss Clear Vinyl";
TH245101;10755;41;625;"Micro Chrome";
TH245102;10756;14;625;"Micro Chrome";
TH245103;10757;23;625;"Micro Chrome";
TH245104;10758;123;625;"Micro Chrome";
TH245201;10767;39;411;Holographic;
TH245202;10768;160;429;"Gloss Clear Vinyl";
TH245203;10769;63;677;"Micro Blue";
TH245205;10770;56;443;"Silver Vinyl";
TH245204;10771;53;519;"Light Yellow Vinyl";
TH245206;10772;43;625;"Micro Chrome";
TH245207;10773;93;415;"Matte Black Vinyl";
TH245208;10774;27;436;"Micro Gold";
TH245209;10775;14;436;"Micro Gold";
TH245901;10787;20;625;"Micro Chrome";
TH245902;10788;42;625;"Micro Chrome";
TH245903;10789;15;612;"Fluorescent Pink";
TH245904;10790;110;582;"Special Production";
TH246001;10793;115;503;"Mint Vinyl";
TH246002;10794;73;443;"Silver Vinyl";
TH246003;10795;253;617;"Macro Chrome";
TH246004;10796;17;625;"Micro Chrome";
TH246005;10797;14;625;"Micro Chrome";
TH246006;10798;161;582;"Special Production";
TH246007;10799;15;690;"Micro Teal";
TH246008;10818;374;415;"Matte Black Vinyl";
TH246201;10820;15;411;Holographic;
TH246202;10821;22;619;Avery;
TH246203;10822;43;647;"Matte Chrome Silver";
RSSAQQ03;10836;213;625;"Micro Chrome";
TH247301;10855;34;443;"Silver Vinyl";
TH247302;10856;13;443;"Silver Vinyl";
TH247303;10857;9;443;"Silver Vinyl";
TH247304;10858;94;443;"Silver Vinyl";
TH247305;10859;11;443;"Silver Vinyl";
TH247306;10860;16;438;"Gloss White Vinyl";
TH247307;10861;8;411;Holographic;
TH247308;10862;64;436;"Micro Gold";
TH0M0201;10900;344;649;"Rigid Clear";
TH248001;10901;22;625;"Micro Chrome";
TH248002;10902;90;411;Holographic;
TH248003;10903;9;582;"Special Production";
TH248004;10904;25;647;"Matte Chrome Silver";
TH247401;10906;50089;625;"Micro Chrome";
TH247402;10907;50005;625;"Micro Chrome";
TH247403;10908;50183;411;Holographic;
TH247404;10909;50175;439;"Matte Clear Vinyl";
TH247405;10910;50142;649;"Rigid Clear";
TH247406;10911;50015;582;"Special Production";
TH247407;10912;50223;582;"Special Production";
TH248301;10916;-50;625;"Micro Chrome";
TH247408;10921;50191;436;"Micro Gold";
TH248005;10922;90;439;"Matte Clear Vinyl";
TH248006;10923;46;421;"Red Vinyl";
TH248201;10924;68;421;"Red Vinyl";
TH247409;10929;50026;617;"Macro Chrome";
TH248501;10931;50050;436;"Micro Gold";
RSSA1C06;10932;13;625;"Micro Chrome";
TH248601;10933;13;625;"Micro Chrome";
TH248602;10934;48;443;"Silver Vinyl";
TH248603;10935;148;439;"Matte Clear Vinyl";
TH248604;10936;67;662;"Macro Black";
TH248701;10938;63;625;"Micro Chrome";
FSSAB901;10940;363;415;"Matte Black Vinyl";
TH249001;10958;14;674;"Matte Chrome Red";
TH249002;10959;28;415;"Matte Black Vinyl";
TH249003;10960;25;625;"Micro Chrome";
TH249004;10961;14;685;TPU;
TH249005;10962;30;647;"Matte Chrome Silver";
TH249006;10963;74;411;Holographic;
TH249007;10964;445;656;"Matte Chrome";
TH249008;10965;52;415;"Matte Black Vinyl";
TH249009;10966;60;695;"Matte Chrome Red";
TH249010;10968;190;411;Holographic;
TH249011;10970;37;421;"Red Vinyl";
TH249401;10975;26;625;"Micro Chrome";
TH249403;10979;43;674;"Matte Chrome Red";
TH249404;10981;155;685;TPU;
TH249501;10990;9;625;"Micro Chrome";
TH249502;10991;19;625;"Micro Chrome";
TH249503;10992;31;679;"Micro Red";
TH249504;10993;151;411;Holographic;
TH249201;10995;14;625;"Micro Chrome";
TH249202;10996;20;625;"Micro Chrome";
TH249203;10997;20;679;"Micro Red";
TH249204;10998;152;411;Holographic;
TH249205;10999;14;625;"Micro Chrome";
TH249206;11000;27;685;TPU;
RLGAZ907;11001;20;625;"Micro Chrome";
TH249012;11003;5221;656;"Matte Chrome";
RLGAUU05;11009;205;647;"Matte Chrome Silver";
TH250001;11017;99;697;"Opaque Matte White Vinyl";
TH250002;11018;81;411;Holographic;
TH250003;11019;102;625;"Micro Chrome";
TH249606;11020;56;415;"Matte Black Vinyl";
TH249801;11022;148;411;Holographic;
TH249802;11023;126;625;"Micro Chrome";
TH249803;11024;145;421;"Red Vinyl";
TH249804;11025;210;415;"Matte Black Vinyl";
RVLA6815;11050;45;685;TPU;
TH252101;11071;13;436;"Micro Gold";
TH252102;11072;22;625;"Micro Chrome";
TH252103;11073;17;625;"Micro Chrome";
TH252104;11074;21;436;"Micro Gold";
TH252201;11075;17;625;"Micro Chrome";
TH252202;11076;18;625;"Micro Chrome";
TH252203;11077;65;436;"Micro Gold";
TH252204;11078;414;679;"Micro Red";
TH252401;11111;29;436;"Micro Gold";
TH252402;11112;172;411;Holographic;
TH252403;11113;59;625;"Micro Chrome";
TH249101;11114;23;443;"Silver Vinyl";
TH249102;11115;32;625;"Micro Chrome";
TH249103;11116;146;414;"Light Grey Vinyl";
TH249104;11117;49;685;TPU;
TH249105;11118;45;439;"Matte Clear Vinyl";
TH249106;11119;102;411;Holographic;
TH249107;11120;56;437;"Gloss Clear Vinyl";
TH249108;11121;5;422;"Removable Clear Vinyl";
TH252901;11140;23;647;"Matte Chrome Silver";
TH252902;11141;167;411;Holographic;
TH252903;11142;5009;625;"Micro Chrome";
TH252904;11143;15;625;"Micro Chrome";
TH250901;11144;56;697;"Opaque Matte White Vinyl";
TH250902;11145;53;685;TPU;
TH250903;11146;24;685;TPU;
TH250904;11147;43;674;"Matte Chrome Red";
TH250905;11148;118;415;"Matte Black Vinyl";
TH250906;11149;80;656;"Matte Chrome";
TH250907;11150;86;411;Holographic;
TH250908;11151;15;625;"Micro Chrome";
TH250909;11152;26;625;"Micro Chrome";
TH250910;11153;63;625;"Micro Chrome";
TH253101;11155;95;679;"Micro Red";
TH253102;11156;131;411;Holographic;
TH253103;11157;44;685;TPU;
TH253104;11158;12;625;"Micro Chrome";
TH253001;11173;5098;677;"Micro Blue";
TH253002;11174;138;411;Holographic;
TH253003;11175;21;656;"Matte Chrome";
TH253004;11176;5010;625;"Micro Chrome";
TH253005;11177;19;625;"Micro Chrome";
TH253006;11178;64;618;"Micro Chrome";
TH252801;11180;26;436;"Micro Gold";
TH252802;11181;67;702;"Micro Red";
TH252803;11182;24;689;"Portal Blue";
TH252804;11183;13;625;"Micro Chrome";
TH250805;11195;10;625;"Micro Chrome";
TH253602;11246;22;415;"Matte Black Vinyl";
TH250501;11266;41;625;"Micro Chrome";
TH250502;11267;5075;625;"Micro Chrome";
TH250503;11268;23;685;TPU;
TH250504;11269;81;414;"Light Grey Vinyl";
TH250505;11270;66;422;"Removable Clear Vinyl";
TH250506;11271;106;411;Holographic;
TH254201;11273;50009;647;"Matte Chrome Silver";
TH254202;11274;50068;620;Avery;
TH254203;11275;50172;647;"Matte Chrome Silver";
TH254204;11276;50108;465;"Matte Dark Grey Vinyl";
TH254205;11277;50158;625;"Micro Chrome";
TH254206;11278;50021;679;"Micro Red";
TH254207;11279;50030;685;TPU;
TH254208;11284;50064;465;"Matte Dark Grey Vinyl";
TH255201;11290;56;436;"Micro Gold";
TH255202;11291;25;656;"Matte Chrome";
TH255203;11292;18;625;"Micro Chrome";
FFSACL01;11295;194;593;"Geyser Blue";
FFSACK01;11296;49;647;"Matte Chrome Silver";
TH254301;11312;21;659;"Glow In The Dark";
TH254401;11314;21;659;"Glow In The Dark";
TH254501;11316;20;659;"Glow In The Dark";
TH254601;11318;15;659;"Glow In The Dark";
TH254701;11320;22;659;"Glow In The Dark";
TH254801;11322;23;659;"Glow In The Dark";
TH254901;11324;35;659;"Glow In The Dark";
TH254702;11325;28;659;"Glow In The Dark";
TH255001;11327;21;659;"Glow In The Dark";
TH255101;11329;20;659;"Glow In The Dark";
TH255901;11345;15;625;"Micro Chrome";
TH255902;11346;22;685;TPU;
TH255903;11347;100;679;"Micro Red";
TH255904;11348;84;625;"Micro Chrome";
TH256401;11368;50309;677;"Micro Blue";
TH256402;11369;50034;662;"Macro Black";
TH256403;11370;50103;625;"Micro Chrome";
TH256404;11371;50071;697;"Opaque Matte White Vinyl";
TH256405;11372;50024;625;"Micro Chrome";
TH256406;11373;50020;715;TPU;
TH256407;11374;5034;715;TPU;
TH256408;11375;50052;715;TPU;
TH256501;11377;50218;411;Holographic;
TH256502;11378;50044;625;"Micro Chrome";
TH256503;11379;50027;677;"Micro Blue";
TH256504;11380;50018;625;"Micro Chrome";
TH256505;11381;50040;718;"Micro Chrome";
TH256506;11382;50221;461;Holographic;
TH256507;11383;50154;685;TPU;
TH256201;11384;10;436;"Micro Gold";
TH256202;11385;17;436;"Micro Gold";
TH256203;11386;5035;625;"Micro Chrome";
TH256204;11387;23;685;TPU;
TH256205;11388;25;428;"Micro Gold";
TH256206;11389;74;662;"Macro Black";
TH256207;11390;117;411;Holographic;
TH256301;11391;16;436;"Micro Gold";
TH256302;11392;107;685;TPU;
TH256303;11393;22;625;"Micro Chrome";
TH256304;11394;23;625;"Micro Chrome";
TH255405;11401;50079;411;Holographic;
TH257301;11414;50023;717;"Macro Pink";
TH257302;11415;50014;503;"Mint Vinyl";
TH257303;11416;50018;685;TPU;
TH257304;11417;50015;625;"Micro Chrome";
TH257305;11418;50038;701;"Special Production";
TH257901;11420;50032;625;"Micro Chrome";
TH257902;11421;50029;625;"Micro Chrome";
TH257903;11422;50070;411;Holographic;
TH257904;11423;49997;439;"Matte Clear Vinyl";
TH257905;11424;50041;618;"Micro Chrome";
TH257906;11425;50069;656;"Matte Chrome";
TH257907;11426;50009;436;"Micro Gold";
TH257701;11428;49997;625;"Micro Chrome";
TH257702;11429;50249;411;Holographic;
TH257703;11430;50227;439;"Matte Clear Vinyl";
TH257704;11431;50174;679;"Micro Red";
TH257908;11440;50004;431;"Matte Clear Vinyl";
TH258001;11441;50042;436;"Micro Gold";
TH257401;11444;50054;625;"Micro Chrome";
TH257402;11445;50031;625;"Micro Chrome";
TH257403;11446;50090;436;"Micro Gold";
TH256508;11450;50047;625;"Micro Chrome";
TH258101;11451;50010;625;"Micro Chrome";
TH258102;11452;50053;625;"Micro Chrome";
TH258103;11453;5023;689;"Portal Blue";
TH258104;11454;5043;689;"Portal Blue";
TH258601;11460;10000;625;"Micro Chrome";
TH258701;11476;50037;625;"Micro Chrome";
TH258702;11477;50020;685;TPU;
TH258703;11478;50096;625;"Micro Chrome";
TH258801;11479;50038;625;"Micro Chrome";
TH258802;11480;50023;679;"Micro Red";
TH258803;11481;50011;685;TPU;
TH258804;11482;500094;625;"Micro Chrome";
TH259201;11499;50014;679;"Micro Red";
TH259202;11500;50075;647;"Matte Chrome Silver";
TH259203;11501;50017;625;"Micro Chrome";
TH259204;11502;50064;625;"Micro Chrome";
TH259301;11519;50111;411;Holographic;
TH259302;11520;50202;647;"Matte Chrome Silver";
TH259903;11540;50110;625;"Micro Chrome";
TH259902;11541;50159;415;"Matte Black Vinyl";
TH259901;11542;50060;647;"Matte Chrome Silver";
TH260001;11548;50240;647;"Matte Chrome Silver";
TH260002;11549;50492;656;"Matte Chrome";
TH260401;11565;50038;647;"Matte Chrome Silver";
TH260402;11566;50033;625;"Micro Chrome";
TH260403;11567;50085;679;"Micro Red";
TH260404;11568;50049;677;"Micro Blue";
TH260405;11569;50369;656;"Matte Chrome";
TH260406;11570;50069;724;"Parchment Vinyl";
TH260407;11571;50060;715;TPU;
TH260601;11578;50016;625;"Micro Chrome";
TH260602;11579;50015;625;"Micro Chrome";
TH260603;11580;50010;687;"Portal Gold";
TH260604;11581;50021;677;"Micro Blue";
RSSAPP04;11582;0;439;"Matte Clear Vinyl";
TH110703;11583;2;649;"Rigid Clear";
KG010101;11584;50006;625;"Micro Chrome";
KG010102;11585;50012;625;"Micro Chrome";
KG010501;11586;50006;625;"Micro Chrome";
KG010301;11587;50007;625;"Micro Chrome";
KG010401;11588;50007;625;"Micro Chrome";
KG010402;11589;50047;618;"Micro Chrome";
KG010502;11590;5043;618;"Micro Chrome";
KG011002;11591;50024;618;"Micro Chrome";
KG010601;11592;50015;625;"Micro Chrome";
KG010701;11593;49998;625;"Micro Chrome";
KG010702;11594;50009;625;"Micro Chrome";
KG010703;11595;49996;625;"Micro Chrome";
KG010801;11596;50001;625;"Micro Chrome";
KG010901;11597;50001;625;"Micro Chrome";
KG011001;11598;50005;625;"Micro Chrome";
KG011003;11599;50015;625;"Micro Chrome";
KG010201;11600;50005;625;"Micro Chrome";
KG020101;11601;50003;625;"Micro Chrome";
KG020201;11602;50019;625;"Micro Chrome";
KG020301;11603;50003;625;"Micro Chrome";
KG020401;11604;50001;625;"Micro Chrome";
KG020501;11605;50003;625;"Micro Chrome";
KG020601;11606;49994;625;"Micro Chrome";
KG020602;11607;50011;625;"Micro Chrome";
KG020701;11608;49999;625;"Micro Chrome";
KG020801;11609;50005;625;"Micro Chrome";
KG020901;11610;50002;625;"Micro Chrome";
KG021001;11611;50007;625;"Micro Chrome";
KG020802;11612;50023;618;"Micro Chrome";
KG020902;11613;50010;618;"Micro Chrome";
KG030101;11614;50013;625;"Micro Chrome";
KG030201;11615;50008;625;"Micro Chrome";
KG030301;11616;50008;625;"Micro Chrome";
KG030401;11617;50000;625;"Micro Chrome";
KG030501;11618;50004;625;"Micro Chrome";
KG030801;11619;50002;625;"Micro Chrome";
KG030901;11620;50000;625;"Micro Chrome";
KG030202;11621;50025;618;"Micro Chrome";
KG030302;11622;50025;618;"Micro Chrome";
KG030502;11623;50048;618;"Micro Chrome";
KG100101;11624;50000;625;"Micro Chrome";
KG100201;11625;50003;625;"Micro Chrome";
KG100301;11626;50003;625;"Micro Chrome";
KG100302;11627;50007;683;"Portal Silver";
KG100401;11628;50003;625;"Micro Chrome";
KG100501;11629;50002;625;"Micro Chrome";
KG100701;11630;50002;625;"Micro Chrome";
KG101001;11631;50000;625;"Micro Chrome";
KC010101;11671;49993;625;"Micro Chrome";
KC010201;11672;50004;625;"Micro Chrome";
KC010401;11673;50000;625;"Micro Chrome";
KC010301;11674;50000;625;"Micro Chrome";
KC010701;11675;50005;625;"Micro Chrome";
KC010801;11676;50009;625;"Micro Chrome";
KC011001;11677;50004;625;"Micro Chrome";
KC011101;11678;50006;625;"Micro Chrome";
KC011501;11679;50003;625;"Micro Chrome";
KC011601;11680;50004;625;"Micro Chrome";
KC011602;11681;50010;625;"Micro Chrome";
KC011102;11682;50019;625;"Micro Chrome";
KC010702;11683;49998;649;"Rigid Clear";
KC010802;11684;49999;649;"Rigid Clear";
KT010101;11685;50003;625;"Micro Chrome";
KT010102;11686;49997;625;"Micro Chrome";
KT010103;11687;49999;625;"Micro Chrome";
TH260901;11698;49993;625;"Micro Chrome";
TH260902;11699;49993;625;"Micro Chrome";
TH260701;11700;50055;683;"Portal Silver";
TH260702;11701;50044;685;TPU;
TH260703;11702;50006;625;"Micro Chrome";
TH260704;11703;49997;625;"Micro Chrome";
RSSAGQ02;11706;14;426;"Ravage Clear Vinyl";
TH114903;11709;50000;649;"Rigid Clear";
